,lval,op,rval,Estimate,Std. Err,z-value,p-value
0,d_2010_2018_pop_density,~,2002_2010_percent_upzoned,17.785750754198904,2.5611404237803366,6.944465281579346,3.798961145662361e-12
1,d_2010_2018_pop_density,~,2010_2018_percent_upzoned,-14.106677359822879,6.601031342114739,-2.1370414150012893,0.032594623269895484
2,d_2010_2018_pop_density,~,orig_pop_density,-0.2048617902473072,0.016575512048133775,-12.359303871883291,0.0
3,d_2010_2018_pop_density,~,orig_percent_non_hispanic_or_latino_white_alone,-1.990420975931747,6.741221900869926,-0.2952611566865343,0.7677943869013006
4,d_2010_2018_pop_density,~,orig_percent_non_hispanic_black_alone,-9.494611393666721,7.200579812489721,-1.3185898415009,0.18730627166919045
5,d_2010_2018_pop_density,~,orig_percent_hispanic_any_race,-3.440594710597639,5.319362467079549,-0.6468058403408551,0.5177576120097624
6,d_2010_2018_pop_density,~,orig_percent_non_hispanic_asian_alone,-17.529647742682794,7.8441611236847715,-2.2347383571394643,0.0254345308590902
7,d_2010_2018_pop_density,~,orig_median_age,8.431326539583852,13.54856322790398,0.6223041069195048,0.5337419211960888
8,d_2010_2018_pop_density,~,orig_per_capita_income,-0.0501780760439976,0.008452285226375329,-5.936628343004854,2.9094318065858715e-09
9,d_2010_2018_pop_density,~,orig_resid_unit_density,0.3621704994928411,0.036291323400716814,9.97953410196411,0.0
10,d_2010_2018_pop_density,~,orig_percent_multi_family_units,9.411761834127129,3.635796530249632,2.588638213337624,0.009635626993145019
11,d_2010_2018_pop_density,~,orig_percent_occupied_housing_units,-84.68098144903695,11.725843878268615,-7.221738778730298,5.133671265866724e-13
12,d_2010_2018_pop_density,~,orig_median_gross_rent,-0.1467485616987708,0.25903961815388293,-0.5665101066163094,0.5710470645162857
13,d_2010_2018_pop_density,~,orig_median_home_value,-4.6101291220058465e-07,0.0003901648626726413,-0.001181584901984887,0.9990572318688016
14,d_2010_2018_pop_density,~,orig_percent_households_with_people_under_18,0.4373774941934804,7.611874932254811,0.05745988972310422,0.9541788566558576
15,d_2010_2018_pop_density,~,orig_percent_of_households_in_same_house_year_ago,-3.512604258952463,10.270711921043942,-0.34200202341914104,0.7323493695130763
16,d_2010_2018_pop_density,~,orig_percent_bachelor_degree_or_higher,-5.775536295206855,6.261064159429897,-0.9224528208207702,0.35629242869066413
17,d_2010_2018_pop_density,~,orig_percent_car_commuters,26.315492572960842,8.156752148632448,3.2262219193909973,0.0012543605719732565
18,d_2010_2018_pop_density,~,orig_percent_public_transport_commuters,38.76945881266175,7.90412438876169,4.904965674348492,9.34436790167581e-07
19,d_2010_2018_pop_density,~,orig_percent_public_transport_trips_under_45_min,19.647766537232325,13.95521703882197,1.4079155116378959,0.1591560893529258
20,d_2010_2018_pop_density,~,orig_percent_car_trips_under_45_min,-1.2887308370383859,2.905063965774029,-0.4436153049368643,0.6573207384919324
21,d_2010_2018_pop_density,~,orig_square_meter_greenspace_coverage,-0.0006235339125253109,0.00024288608122981326,-2.5671866695735055,0.010252740210851652
22,d_2010_2018_pop_density,~,orig_feet_distance_from_park,0.09465384594843125,0.08915451152963018,1.0616831871252157,0.2883795344847917
23,d_2010_2018_resid_unit_density,~,2002_2010_percent_upzoned,3.844136587916363,0.6291753409694575,6.109801731878208,9.975498205250233e-10
24,d_2010_2018_resid_unit_density,~,2010_2018_percent_upzoned,5.001498726253225,1.6216237527869812,3.0842534944708255,0.0020406363954710294
25,d_2010_2018_resid_unit_density,~,orig_pop_density,0.0032282132613157756,0.004071976431981226,0.7927878057369541,0.4279014623297428
26,d_2010_2018_resid_unit_density,~,orig_percent_non_hispanic_or_latino_white_alone,2.9178514513614484,1.6560632711306758,1.7619202733525547,0.07808276877125087
27,d_2010_2018_resid_unit_density,~,orig_percent_non_hispanic_black_alone,3.777199611725546,1.7689101373106266,2.135325889118426,0.03273439963264746
28,d_2010_2018_resid_unit_density,~,orig_percent_hispanic_any_race,0.33172725396333225,1.3067661823184669,0.25385356496946326,0.7996086896260342
29,d_2010_2018_resid_unit_density,~,orig_percent_non_hispanic_asian_alone,-2.1533286663987443,1.9270137255219388,-1.1174433466032474,0.2638048101496886
30,d_2010_2018_resid_unit_density,~,orig_median_age,0.944649582613202,3.328369584663526,0.28381751442678665,0.7765502316571702
31,d_2010_2018_resid_unit_density,~,orig_per_capita_income,-0.0062677235200039325,0.0020764068185790004,-3.0185431202131854,0.0025399325328088196
32,d_2010_2018_resid_unit_density,~,orig_resid_unit_density,-0.03572113158285122,0.008915405638389695,-4.006674853360516,6.157954205932015e-05
33,d_2010_2018_resid_unit_density,~,orig_percent_multi_family_units,3.7514969414673454,0.8931777033290769,4.200168597447586,2.6671629765662175e-05
34,d_2010_2018_resid_unit_density,~,orig_percent_occupied_housing_units,-3.3440267566590554,2.880596374865948,-1.1608800128457817,0.24569069808755728
35,d_2010_2018_resid_unit_density,~,orig_median_gross_rent,-0.041971059635478876,0.06363623742114093,-0.6595465309656398,0.5095448764827257
36,d_2010_2018_resid_unit_density,~,orig_median_home_value,-7.50070966407894e-05,9.584875090293557e-05,-0.7825568424380511,0.43388739335376014
37,d_2010_2018_resid_unit_density,~,orig_percent_households_with_people_under_18,-3.410290427436369,1.8699497932445415,-1.8237336851260404,0.06819234369260752
38,d_2010_2018_resid_unit_density,~,orig_percent_of_households_in_same_house_year_ago,-6.279517441051279,2.5231254853974856,-2.488785229823611,0.012818037211756561
39,d_2010_2018_resid_unit_density,~,orig_percent_bachelor_degree_or_higher,4.608343735408484,1.538106673403867,2.996114518642008,0.0027344372091826497
40,d_2010_2018_resid_unit_density,~,orig_percent_car_commuters,1.6556946343443786,2.003805518302704,0.8262751146358682,0.4086480467364013
41,d_2010_2018_resid_unit_density,~,orig_percent_public_transport_commuters,8.610133587089166,1.9417444319681936,4.434225969870462,9.240366833029867e-06
42,d_2010_2018_resid_unit_density,~,orig_percent_public_transport_trips_under_45_min,6.998544850078042,3.4282690465459047,2.041422290682602,0.041208870691537
43,d_2010_2018_resid_unit_density,~,orig_percent_car_trips_under_45_min,-1.0845708387242738,0.7136643482070639,-1.5197211986944803,0.12858106141590864
44,d_2010_2018_resid_unit_density,~,orig_square_meter_greenspace_coverage,-3.778952475205931e-06,5.966792431823714e-05,-0.06333306303262595,0.9495012881082756
45,d_2010_2018_resid_unit_density,~,orig_feet_distance_from_park,-0.045466314526290644,0.021901891700191866,-2.075908106321996,0.0379024508416963
46,d_2010_2018_resid_units,~,d_2010_2018_pop_density,-0.0004821308311451312,0.002101725495957262,-0.22939762202206143,0.8185598842420347
47,d_2010_2018_resid_units,~,d_2010_2018_resid_unit_density,0.05648604303581748,0.008792415713012798,6.424405404966644,1.323858800361677e-10
48,d_2010_2018_resid_units,~,orig_percent_multi_family_units,0.07079579558913163,0.2847891933360076,0.24859017562985564,0.8036778086997618
49,d_2010_2018_resid_units,~,orig_percent_occupied_housing_units,-0.7278220118151734,0.8802858868451228,-0.8268018636795428,0.4083493735529009
50,d_2010_2018_resid_units,~,orig_percent_households_with_people_under_18,-0.11880668058072613,0.4972295097749444,-0.23893730811403646,0.8111541955795785
51,d_2010_2018_resid_units,~,orig_percent_of_households_in_same_house_year_ago,-1.6194746323548026,2.969828185611509,-0.5453092001080849,0.5855408776229041
52,d_2010_2018_resid_units,~,orig_percent_car_commuters,-1.6196074921246086,0.6063074111999402,-2.671264547000307,0.007556606568367208
53,d_2010_2018_resid_units,~,orig_percent_public_transport_commuters,-1.3882799899005733,0.5516540035060029,-2.5165773855984535,0.011850087380209429
54,d_2010_2018_resid_units,~,orig_percent_public_transport_trips_under_45_min,-0.056788878365246,1.0078771109788291,-0.05634504221455876,0.9550669373061988
55,d_2010_2018_resid_units,~,orig_feet_distance_from_park,-0.00107496635691308,0.006794363772373586,-0.15821442489225593,0.8742878374949026
56,d_2010_2018_resid_units,~,d_2010_2018_per_capita_income,0.0009361468043564901,0.0018544326223305621,0.5048157547375164,0.6136882491901585
57,d_2010_2018_resid_units,~,d_2010_2018_median_gross_rent,0.04393322880455762,0.048752833241823806,0.9011420646209191,0.3675127899707018
58,d_2010_2018_resid_units,~,d_2010_2018_median_home_value,-1.1841958808113365e-05,0.00011965183238803165,-0.09897014088960775,0.9211619777988496
59,d_2010_2018_resid_units,~,d_2010_2018_percent_of_households_in_same_house_year_ago,-0.8790134055852131,3.7678452333915837,-0.23329339480160807,0.8155335873044411
60,d_2010_2018_resid_units,~,d_2010_2018_percent_bachelor_degree_or_higher,-0.12989703474395525,0.99175037245935,-0.1309775507537291,0.8957930663024225
61,d_2010_2018_per_capita_income,~,d_2010_2018_pop_density,-0.38768014453760385,0.2588438786552249,-1.4977373486683403,0.13420150409882603
62,d_2010_2018_per_capita_income,~,d_2010_2018_resid_unit_density,1.608813893010569,0.4421879021473079,3.638303728334431,0.0002744396585379061
63,d_2010_2018_per_capita_income,~,orig_pop_density,-0.07310947915609156,0.2043304022831766,-0.3578002996069723,0.7204927663441936
64,d_2010_2018_per_capita_income,~,orig_percent_non_hispanic_or_latino_white_alone,4.51763467765767,22.26129574407779,0.20293673511162535,0.8391844811733558
65,d_2010_2018_per_capita_income,~,orig_percent_non_hispanic_black_alone,25.859979231595222,21.83900817264701,1.1841187579197496,0.23636605577369108
66,d_2010_2018_per_capita_income,~,orig_percent_hispanic_any_race,42.569071272802056,46.30156381034223,0.9193873331615772,0.35789301236034965
67,d_2010_2018_per_capita_income,~,orig_percent_non_hispanic_asian_alone,2.073257007534312,21.410060163627058,0.0968356460322523,0.9228569155056054
68,d_2010_2018_per_capita_income,~,orig_per_capita_income,-0.228401910030018,0.027674056152226584,-8.25328635475028,2.220446049250313e-16
69,d_2010_2018_per_capita_income,~,orig_resid_unit_density,0.19927409436532165,0.5544059088701585,0.35943717622178534,0.7192680677437344
70,d_2010_2018_per_capita_income,~,orig_percent_multi_family_units,-30.57418424993359,36.31970258516323,-0.841807120480729,0.3998959256304593
71,d_2010_2018_per_capita_income,~,orig_percent_occupied_housing_units,-105.92705276130296,43.18071565070972,-2.453110171173355,0.014162695471420683
72,d_2010_2018_per_capita_income,~,orig_median_gross_rent,2.0000586294540708,2.2540637582743197,0.8873123584509433,0.37491075374953575
73,d_2010_2018_per_capita_income,~,orig_median_home_value,0.0037653901397456955,0.0013104529547796058,2.8733501062658258,0.004061437559605086
74,d_2010_2018_per_capita_income,~,orig_percent_households_with_people_under_18,20.048934058223264,25.75728541756284,0.778379154992472,0.43634552376447777
75,d_2010_2018_per_capita_income,~,orig_percent_of_households_in_same_house_year_ago,165.92064128605338,125.30871138239787,1.324095024644543,0.18547148775831745
76,d_2010_2018_per_capita_income,~,orig_percent_bachelor_degree_or_higher,358.57549482235095,94.59262636383569,3.7907341048248604,0.00015020268481946708
77,d_2010_2018_per_capita_income,~,orig_percent_car_commuters,-88.90745104664235,85.89493724982759,-1.0350720763442873,0.3006352520536968
78,d_2010_2018_per_capita_income,~,orig_percent_public_transport_commuters,-80.57910833572672,25.5688906049004,-3.151451096602533,0.0016246136565274405
79,d_2010_2018_per_capita_income,~,orig_percent_public_transport_trips_under_45_min,72.42506813655919,45.639574552602866,1.5868918333820694,0.11253714486160393
80,d_2010_2018_per_capita_income,~,orig_feet_distance_from_park,-0.4407397675822361,0.3943383154477879,-1.1176691442743516,0.2637083256852888
81,d_2010_2018_per_capita_income,~,d_2010_2018_resid_units,1.7159561930242035,2.3346226566737,0.7350036581364764,0.46233726624533844
82,d_2010_2018_per_capita_income,~,d_2010_2018_percent_non_hispanic_or_latino_white_alone,31.60781290528299,26.25431953252093,1.2039090507041916,0.22862473321852583
83,d_2010_2018_per_capita_income,~,d_2010_2018_percent_hispanic_any_race,24.64166047628326,26.698988550788936,0.9229435950132349,0.35603660032237094
84,d_2010_2018_per_capita_income,~,d_2010_2018_median_gross_rent,1.5872041251322682,4.106139607168278,0.38654412099409036,0.6990937330138862
85,d_2010_2018_per_capita_income,~,d_2010_2018_median_home_value,0.0012011372487515373,0.0451629109699594,0.02659565610205886,0.9787822379640236
86,d_2010_2018_per_capita_income,~,d_2010_2018_percent_of_households_in_same_house_year_ago,228.01364246156857,147.90532785212508,1.541618856959188,0.12316624047163272
87,d_2010_2018_per_capita_income,~,d_2010_2018_percent_bachelor_degree_or_higher,513.3608943752189,136.3021063407943,3.766346010029118,0.0001656541765773234
88,d_2010_2018_per_capita_income,~,d_2010_2018_percent_car_trips_under_45_min,-13.18218434963927,33.394753718503985,-0.3947381813549547,0.693036121591029
89,d_2010_2018_percent_non_hispanic_or_latino_white_alone,~,d_2010_2018_pop_density,0.003941914668462651,0.0012474334806665437,3.160019934045974,0.0015775834502582686
90,d_2010_2018_percent_non_hispanic_or_latino_white_alone,~,d_2010_2018_resid_unit_density,-0.00937852308447447,0.003167661323531137,-2.960708902762083,0.0030693188858650355
91,d_2010_2018_percent_non_hispanic_or_latino_white_alone,~,2010_2018_percent_upzoned,-0.4346045498223884,0.14127150174569544,-3.076378069524942,0.002095319804145568
92,d_2010_2018_percent_non_hispanic_or_latino_white_alone,~,orig_pop_density,0.0017663999316855066,0.0004961448563776738,3.560250409571198,0.00037050131769289507
93,d_2010_2018_percent_non_hispanic_or_latino_white_alone,~,orig_percent_non_hispanic_or_latino_white_alone,-1.0056793228303538,0.17789415028772915,-5.653245602500683,1.574460761766261e-08
94,d_2010_2018_percent_non_hispanic_or_latino_white_alone,~,orig_percent_non_hispanic_black_alone,-0.9882101258192131,0.17463663249107608,-5.6586645752233675,1.5255538166059068e-08
95,d_2010_2018_percent_non_hispanic_or_latino_white_alone,~,orig_percent_hispanic_any_race,-0.3834583277905956,0.10802699597193019,-3.5496527912956495,0.00038573954505771724
96,d_2010_2018_percent_non_hispanic_or_latino_white_alone,~,orig_percent_non_hispanic_asian_alone,-1.0615768716720313,0.18818550391979166,-5.641119265588357,1.689482798106212e-08
97,d_2010_2018_percent_non_hispanic_or_latino_white_alone,~,orig_median_age,0.3060580635178364,0.23548020582630508,1.299718855105347,0.19369734559062435
98,d_2010_2018_percent_non_hispanic_or_latino_white_alone,~,orig_resid_unit_density,-0.003533156611019687,0.0010248501489821594,-3.4474860652371397,0.0005658295947856828
99,d_2010_2018_percent_non_hispanic_or_latino_white_alone,~,orig_percent_multi_family_units,0.09662180272594029,0.0632875418139612,1.5267112603052444,0.1268328261415168
100,d_2010_2018_percent_non_hispanic_or_latino_white_alone,~,orig_percent_occupied_housing_units,-5.6025701061612345,1.3982000701170116,-4.006987430409986,6.149813458544706e-05
101,d_2010_2018_percent_non_hispanic_or_latino_white_alone,~,orig_median_gross_rent,-0.01591045052242929,0.0056425221507768126,-2.819740905654954,0.004806243905147056
102,d_2010_2018_percent_non_hispanic_or_latino_white_alone,~,orig_percent_households_with_people_under_18,0.25258484898301403,0.18436975868184322,1.3699906686839889,0.17068981452047716
103,d_2010_2018_percent_non_hispanic_or_latino_white_alone,~,orig_percent_of_households_in_same_house_year_ago,1.0079250346024478,0.3032280289152934,3.323983730015563,0.0008874137298640061
104,d_2010_2018_percent_non_hispanic_or_latino_white_alone,~,orig_percent_bachelor_degree_or_higher,0.5591703768581983,0.1468776242883506,3.80704943699679,0.0001406346404058123
105,d_2010_2018_percent_non_hispanic_or_latino_white_alone,~,orig_percent_car_commuters,0.433697768963514,0.1571620135152215,2.7595584916500817,0.0057879524805435345
106,d_2010_2018_percent_non_hispanic_or_latino_white_alone,~,orig_percent_public_transport_commuters,0.09223153008366428,0.12655617494139593,0.72877937505337,0.4661366298115235
107,d_2010_2018_percent_non_hispanic_or_latino_white_alone,~,orig_percent_public_transport_trips_under_45_min,-0.27928389878537124,0.21850865006207432,-1.2781365804271532,0.20120127280656153
108,d_2010_2018_percent_non_hispanic_or_latino_white_alone,~,orig_feet_distance_from_park,0.0019301366281758887,0.0014699260191783064,1.3130841972181413,0.1891545782157582
109,d_2010_2018_percent_non_hispanic_or_latino_white_alone,~,d_2010_2018_per_capita_income,0.0005695889069446524,0.00019952931861710863,2.8546627033945593,0.004308255760017143
110,d_2010_2018_percent_non_hispanic_or_latino_white_alone,~,d_2010_2018_percent_non_hispanic_black_alone,-2.181475957016131,0.3595624701833133,-6.067029064234366,1.3029799461605762e-09
111,d_2010_2018_percent_non_hispanic_or_latino_white_alone,~,d_2010_2018_percent_non_hispanic_asian_alone,-0.9130952853180797,0.25188808486501846,-3.6250038814013905,0.0002889571119086831
112,d_2010_2018_percent_non_hispanic_or_latino_white_alone,~,d_2010_2018_percent_occupied_housing_units,-7.146863497416456,1.7720334415966856,-4.033142563592232,5.503586751265388e-05
113,d_2010_2018_percent_non_hispanic_or_latino_white_alone,~,d_2010_2018_median_home_value,-1.5602262158900644e-05,1.0014062474596949e-05,-1.5580350772171048,0.11922493320569827
114,d_2010_2018_percent_non_hispanic_or_latino_white_alone,~,d_2010_2018_percent_households_with_people_under_18,0.2312075226664258,0.2140893591801255,1.0799580303793512,0.28016086996686473
115,d_2010_2018_percent_non_hispanic_or_latino_white_alone,~,d_2010_2018_percent_of_households_in_same_house_year_ago,0.5107800158878122,0.21972235354925918,2.3246611354496376,0.020090086983310274
116,d_2010_2018_percent_non_hispanic_or_latino_white_alone,~,d_2010_2018_percent_bachelor_degree_or_higher,0.40984321445662397,0.15698843291568815,2.6106586761976454,0.009036803795099635
117,d_2010_2018_percent_non_hispanic_or_latino_white_alone,~,d_2010_2018_percent_car_trips_under_45_min,-0.1915295462333405,0.08206382837803296,-2.3339094704272374,0.019600462753087022
118,d_2010_2018_percent_non_hispanic_or_latino_white_alone,~,d_2010_2018_feet_distance_from_park,0.020313563757251456,0.014972431432485663,1.3567311259693207,0.17486665864849638
119,d_2010_2018_percent_non_hispanic_black_alone,~,d_2010_2018_pop_density,-6.639666478088964e-05,0.00014978612133930905,-0.4432764781137863,0.6575657672649737
120,d_2010_2018_percent_non_hispanic_black_alone,~,d_2010_2018_resid_unit_density,0.0007909993500767982,0.0005241986427807301,1.5089687076864502,0.13130677976590643
121,d_2010_2018_percent_non_hispanic_black_alone,~,2010_2018_percent_upzoned,0.01222441748474549,0.03356433352705557,0.3642085571139797,0.7157022775313528
122,d_2010_2018_percent_non_hispanic_black_alone,~,orig_pop_density,-0.00020951382401646851,8.825806609296196e-05,-2.3738773226903804,0.017602397751108168
123,d_2010_2018_percent_non_hispanic_black_alone,~,orig_percent_non_hispanic_or_latino_white_alone,-0.49205813136349386,0.058748286178475315,-8.375701886183746,0.0
124,d_2010_2018_percent_non_hispanic_black_alone,~,orig_percent_non_hispanic_black_alone,-0.6202934414439459,0.05376829930218138,-11.53641549914606,0.0
125,d_2010_2018_percent_non_hispanic_black_alone,~,orig_percent_hispanic_any_race,-0.48412327312449066,0.04034346181182531,-12.0000429157665,0.0
126,d_2010_2018_percent_non_hispanic_black_alone,~,orig_percent_non_hispanic_asian_alone,-0.6436572482851628,0.06336984861214949,-10.15715300527957,0.0
127,d_2010_2018_percent_non_hispanic_black_alone,~,orig_median_age,0.1808152820792112,0.06040971235193253,2.9931491979771643,0.002761147316335366
128,d_2010_2018_percent_non_hispanic_black_alone,~,orig_resid_unit_density,0.0005265615006310662,0.00019588595576258211,2.688102349620038,0.007185936723769659
129,d_2010_2018_percent_non_hispanic_black_alone,~,orig_percent_multi_family_units,0.06455712542700165,0.018839235194400124,3.42673812166028,0.000610877894501316
130,d_2010_2018_percent_non_hispanic_black_alone,~,orig_percent_occupied_housing_units,0.02751561031436519,0.07808885694192036,0.3523628260364719,0.7245661770038159
131,d_2010_2018_percent_non_hispanic_black_alone,~,orig_median_gross_rent,-0.0018383333505420222,0.0013082275123712207,-1.4052092099827131,0.15995907624285444
132,d_2010_2018_percent_non_hispanic_black_alone,~,orig_percent_bachelor_degree_or_higher,-0.17738138182976593,0.03728481430848992,-4.75746990067798,1.9603447551919118e-06
133,d_2010_2018_percent_non_hispanic_black_alone,~,orig_percent_car_commuters,0.19966822636402787,0.04266139249513009,4.68030260339346,2.8645179972475177e-06
134,d_2010_2018_percent_non_hispanic_black_alone,~,orig_percent_public_transport_commuters,0.14677376571618442,0.03785693816419924,3.8770638310921086,0.00010572462818814188
135,d_2010_2018_percent_non_hispanic_black_alone,~,d_2010_2018_percent_non_hispanic_or_latino_white_alone,-0.7224845383712336,0.12702073751107723,-5.687925865668503,1.285916195747916e-08
136,d_2010_2018_percent_non_hispanic_black_alone,~,d_2010_2018_percent_hispanic_any_race,-1.6068268479530443,0.10377306861017115,-15.484044843789746,0.0
137,d_2010_2018_percent_non_hispanic_black_alone,~,d_2010_2018_percent_non_hispanic_asian_alone,-1.5731740762966009,0.1355007587878392,-11.610075769008745,0.0
138,d_2010_2018_percent_non_hispanic_black_alone,~,d_2010_2018_percent_occupied_housing_units,-0.018399130800592654,0.06634910702603387,-0.27730788890792374,0.7815437025441605
139,d_2010_2018_percent_non_hispanic_black_alone,~,d_2010_2018_median_home_value,-1.2759237707848923e-06,7.940614739408522e-06,-0.16068322818501388,0.8723428997436011
140,d_2010_2018_percent_non_hispanic_black_alone,~,d_2010_2018_percent_bachelor_degree_or_higher,-0.4358681045245807,0.08169262103302809,-5.335464807072661,9.530011246816628e-08
141,d_2010_2018_percent_non_hispanic_black_alone,~,d_2010_2018_percent_car_trips_under_45_min,-0.0002102971238578881,0.022204576960987005,-0.009470890808588924,0.9924434354147815
142,d_2010_2018_percent_non_hispanic_black_alone,~,d_2010_2018_feet_distance_from_park,0.000536646581539534,0.0027659095747830514,0.1940217374559705,0.8461588612858408
143,d_2010_2018_percent_hispanic_any_race,~,d_2010_2018_pop_density,-0.0006643433339919996,0.0006549781230529678,-1.0142985079884506,0.31044033577580965
144,d_2010_2018_percent_hispanic_any_race,~,d_2010_2018_resid_unit_density,0.0024524652529273054,0.0021373648905258806,1.1474246922697755,0.25120614086494397
145,d_2010_2018_percent_hispanic_any_race,~,orig_percent_hispanic_any_race,-0.15645609585356027,0.06742793010672599,-2.320345524526687,0.020322193263958788
146,d_2010_2018_percent_hispanic_any_race,~,orig_median_age,-0.45767778967593686,0.30470472455699843,-1.502037063389285,0.1330875371511513
147,d_2010_2018_percent_hispanic_any_race,~,orig_median_gross_rent,-0.00886096589006072,0.004014789301630286,-2.207081174659767,0.027308388726568156
148,d_2010_2018_percent_hispanic_any_race,~,orig_percent_households_with_people_under_18,0.004134401261063946,0.15598300562053005,0.026505459646645517,0.9788541789619831
149,d_2010_2018_percent_hispanic_any_race,~,orig_percent_of_households_in_same_house_year_ago,-0.015858015822313394,0.15064614997196074,-0.10526665185376279,0.916164223886393
150,d_2010_2018_percent_hispanic_any_race,~,orig_percent_car_commuters,-0.12593004068444616,0.13891021366695322,-0.9065571015927275,0.3646410557730031
151,d_2010_2018_percent_hispanic_any_race,~,orig_percent_public_transport_commuters,0.06067800228685983,0.11080719171696274,0.5475998565264915,0.5839666879596823
152,d_2010_2018_percent_hispanic_any_race,~,orig_square_meter_greenspace_coverage,1.3653622581838887e-06,3.8432330170309105e-06,0.3552638876876665,0.7223919066223794
153,d_2010_2018_percent_hispanic_any_race,~,d_2010_2018_per_capita_income,6.516804058004498e-05,0.00025603064054932346,0.25453219265355226,0.7990844366916885
154,d_2010_2018_percent_hispanic_any_race,~,d_2010_2018_percent_non_hispanic_black_alone,-0.48460964591714556,0.5097048589426191,-0.950765207382005,0.34172357821391497
155,d_2010_2018_percent_hispanic_any_race,~,d_2010_2018_percent_non_hispanic_asian_alone,3.6966856222752393,1.6798920726469475,2.200549477234153,0.02776793362062957
156,d_2010_2018_percent_hispanic_any_race,~,d_2010_2018_median_gross_rent,0.0040587368281624,0.0051023144130816645,0.7954697611266098,0.42634029406943075
157,d_2010_2018_percent_hispanic_any_race,~,d_2010_2018_median_home_value,-2.9076601996590703e-05,3.315471494387416e-05,-0.8769974698565635,0.3804880123413632
158,d_2010_2018_percent_hispanic_any_race,~,d_2010_2018_percent_households_with_people_under_18,0.19302693490444126,0.308070438559597,0.6265675337313261,0.5309427555442747
159,d_2010_2018_percent_hispanic_any_race,~,d_2010_2018_percent_bachelor_degree_or_higher,-0.9494731738215286,0.39730052881861055,-2.389810999352144,0.016857045106586144
160,d_2010_2018_percent_hispanic_any_race,~,d_2010_2018_percent_public_transport_trips_under_45_min,-0.9413320181033237,0.450811324164049,-2.0880842331251808,0.03679023704911044
161,d_2010_2018_percent_hispanic_any_race,~,d_2010_2018_square_meter_greenspace_coverage,2.3314877847539833e-07,1.5017195661242444e-05,0.015525452834824156,0.9876129785129142
162,d_2010_2018_percent_non_hispanic_asian_alone,~,d_2010_2018_pop_density,-0.011807100192055216,0.004797264733083713,-2.4612150561898045,0.013846733890179985
163,d_2010_2018_percent_non_hispanic_asian_alone,~,d_2010_2018_resid_unit_density,0.02967355974525706,0.012105765983092185,2.4511922487391686,0.014238388377954658
164,d_2010_2018_percent_non_hispanic_asian_alone,~,orig_pop_density,-0.004051821367135048,0.0016566280619752251,-2.4458244174966888,0.014452136293556128
165,d_2010_2018_percent_non_hispanic_asian_alone,~,orig_percent_non_hispanic_or_latino_white_alone,-0.054374043825343464,0.0786123734377937,-0.6916728429231079,0.4891428051963693
166,d_2010_2018_percent_non_hispanic_asian_alone,~,orig_percent_non_hispanic_black_alone,0.04552878214651691,0.06436227920680508,0.7073829999015282,0.47932849854080195
167,d_2010_2018_percent_non_hispanic_asian_alone,~,orig_median_age,0.6668747864023662,0.37208779322079355,1.792251179830714,0.07309273972178154
168,d_2010_2018_percent_non_hispanic_asian_alone,~,orig_resid_unit_density,0.009863225430554809,0.004008775956991867,2.4604082477823566,0.013877905196984175
169,d_2010_2018_percent_non_hispanic_asian_alone,~,orig_percent_multi_family_units,0.245596667189889,0.12458541887677584,1.9713114857432144,0.04868825839951674
170,d_2010_2018_percent_non_hispanic_asian_alone,~,orig_median_gross_rent,0.00034012020750619416,0.005279810963712417,0.0644190123054377,0.9486365918371624
171,d_2010_2018_percent_non_hispanic_asian_alone,~,orig_percent_households_with_people_under_18,4.012705429722042,1.6223570278322814,2.473380002601006,0.013384174334382992
172,d_2010_2018_percent_non_hispanic_asian_alone,~,orig_percent_car_commuters,0.5280773243625565,0.26669747048092657,1.9800612409570755,0.04769664768145154
173,d_2010_2018_percent_non_hispanic_asian_alone,~,orig_percent_public_transport_commuters,0.5540130189906821,0.26967070082149014,2.0544056781139135,0.03993644396314622
174,d_2010_2018_percent_non_hispanic_asian_alone,~,orig_percent_public_transport_trips_under_45_min,-0.04376664307167494,0.2932140690685467,-0.14926515364886547,0.8813444105551134
175,d_2010_2018_percent_non_hispanic_asian_alone,~,orig_percent_car_trips_under_45_min,0.030407332475410866,0.061822215676058376,0.4918512243923786,0.6228245213595545
176,d_2010_2018_percent_non_hispanic_asian_alone,~,orig_feet_distance_from_park,0.0004888394693006193,0.0019162484494041588,0.255102342912537,0.7986440546384137
177,d_2010_2018_percent_non_hispanic_asian_alone,~,d_2010_2018_percent_non_hispanic_or_latino_white_alone,-0.5747870107296498,0.2911581098362758,-1.9741404800673084,0.04836577157706734
178,d_2010_2018_percent_non_hispanic_asian_alone,~,d_2010_2018_percent_non_hispanic_black_alone,-0.15713393428889763,0.2463813180351709,-0.6377672444540986,0.523625204938043
179,d_2010_2018_percent_non_hispanic_asian_alone,~,d_2010_2018_percent_hispanic_any_race,-0.40603460351745285,0.24733849159032417,-1.641615103678813,0.10066979555599898
180,d_2010_2018_percent_non_hispanic_asian_alone,~,d_2010_2018_percent_occupied_housing_units,1.5939279757771314,0.6967707259228589,2.2875932017145497,0.02216122217213301
181,d_2010_2018_percent_non_hispanic_asian_alone,~,d_2010_2018_median_home_value,2.4960078960115042e-05,3.369301651805935e-05,0.7408086540998151,0.4588094671880989
182,d_2010_2018_percent_non_hispanic_asian_alone,~,d_2010_2018_percent_households_with_people_under_18,6.9254092435903765,2.797127197513949,2.4759007204760355,0.013290052829247223
183,d_2010_2018_percent_multi_family_units,~,d_2010_2018_pop_density,-0.0001698252404845083,8.3120682772644e-05,-2.0431164997273497,0.041040906945968736
184,d_2010_2018_percent_multi_family_units,~,d_2010_2018_resid_unit_density,0.0010068082643037144,0.0003252923240331858,3.0950876698397405,0.001967547306512163
185,d_2010_2018_percent_multi_family_units,~,orig_percent_multi_family_units,-0.03407308741559591,0.008718623196650023,-3.9080812008001224,9.303204136612564e-05
186,d_2010_2018_percent_multi_family_units,~,orig_percent_occupied_housing_units,-0.046621373978693884,0.0367556760050425,-1.2684129104584962,0.20465053351965357
187,d_2010_2018_percent_multi_family_units,~,orig_percent_households_with_people_under_18,-0.0023644423571420156,0.017357236353111163,-0.13622228267819741,0.891645560331749
188,d_2010_2018_percent_multi_family_units,~,orig_percent_public_transport_trips_under_45_min,0.038937549365969645,0.039750294776612224,0.9795537261751245,0.32730645605740083
189,d_2010_2018_percent_multi_family_units,~,d_2010_2018_percent_households_with_people_under_18,-0.02015397145070907,0.025589326522025627,-0.7875928830160596,0.4309348789557579
190,d_2010_2018_percent_multi_family_units,~,d_2010_2018_percent_of_households_in_same_house_year_ago,0.002686018224677517,0.038244541435441835,0.07023272142356263,0.9440084306895451
191,d_2010_2018_percent_multi_family_units,~,d_2010_2018_percent_car_commuters,-0.023303370744727766,0.030643859124959177,-0.7604580953378323,0.44698080843412535
192,d_2010_2018_percent_multi_family_units,~,d_2010_2018_percent_public_transport_commuters,0.04520986703077374,0.030446624635789402,1.4848892962717959,0.13757315190642205
193,d_2010_2018_percent_multi_family_units,~,d_2010_2018_square_meter_greenspace_coverage,-1.2219953325097462e-06,6.9513181619857346e-06,-0.17579329966496135,0.8604563337568631
194,d_2010_2018_percent_occupied_housing_units,~,d_2010_2018_pop_density,0.0009583554519987038,0.0001461084608956791,6.559205672036751,5.40951727856509e-11
195,d_2010_2018_percent_occupied_housing_units,~,d_2010_2018_resid_unit_density,-0.0022948090728888925,0.00048662082396687026,-4.715805315247505,2.4075656448463434e-06
196,d_2010_2018_percent_occupied_housing_units,~,orig_percent_non_hispanic_or_latino_white_alone,0.11945615295026349,0.06301211969701073,1.895764711975475,0.057991164009490115
197,d_2010_2018_percent_occupied_housing_units,~,orig_percent_non_hispanic_black_alone,0.19443084083213572,0.07606154291604099,2.556230565085934,0.010581298089946678
198,d_2010_2018_percent_occupied_housing_units,~,orig_percent_hispanic_any_race,0.0018399015279099188,0.028999875063081087,0.0634451536030512,0.9494120322759847
199,d_2010_2018_percent_occupied_housing_units,~,orig_percent_non_hispanic_asian_alone,0.17336808167409082,0.08012483827001922,2.163724575489062,0.030485493743420244
200,d_2010_2018_percent_occupied_housing_units,~,orig_median_age,0.13840557592451058,0.06060654968319616,2.283673573989997,0.022390722238714744
201,d_2010_2018_percent_occupied_housing_units,~,orig_per_capita_income,-8.13673599430651e-05,3.3085344144837965e-05,-2.4593172471637392,0.01392015488977294
202,d_2010_2018_percent_occupied_housing_units,~,orig_percent_multi_family_units,0.018585641372499073,0.015033028898771745,1.2363204711713998,0.21633946468673582
203,d_2010_2018_percent_occupied_housing_units,~,orig_percent_occupied_housing_units,-0.7808039924589074,0.05299238838694068,-14.734266867590227,0.0
204,d_2010_2018_percent_occupied_housing_units,~,orig_median_gross_rent,-0.001260795442596529,0.0011986142058374519,-1.0518776061591515,0.29285570740187605
205,d_2010_2018_percent_occupied_housing_units,~,orig_median_home_value,3.7685304670674574e-07,1.7445584576650993e-06,0.21601616674683133,0.8289751458189709
206,d_2010_2018_percent_occupied_housing_units,~,orig_percent_households_with_people_under_18,0.05400856761175968,0.032378254635042666,1.668050616651791,0.09530567917037414
207,d_2010_2018_percent_occupied_housing_units,~,orig_percent_bachelor_degree_or_higher,0.0005340122697075744,0.03206599914406527,0.01665353595538142,0.9867130149505787
208,d_2010_2018_percent_occupied_housing_units,~,orig_percent_public_transport_commuters,0.02914552904731274,0.024030536164396793,1.2128538808585294,0.2251856909336365
209,d_2010_2018_percent_occupied_housing_units,~,orig_percent_car_trips_under_45_min,-0.0018956615617178208,0.012521644999553213,-0.15139077666185788,0.8796674647650318
210,d_2010_2018_percent_occupied_housing_units,~,orig_feet_distance_from_park,-7.61676232178953e-05,0.00042091976231546717,-0.18095520775252807,0.8564027345447249
211,d_2010_2018_percent_occupied_housing_units,~,d_2010_2018_percent_non_hispanic_or_latino_white_alone,0.477035492327635,0.1373110841777624,3.474122247163911,0.0005125274692057147
212,d_2010_2018_percent_occupied_housing_units,~,d_2010_2018_percent_non_hispanic_black_alone,1.4522044505764438,0.33408420537248196,4.346821631250075,1.3812445325722678e-05
213,d_2010_2018_percent_occupied_housing_units,~,d_2010_2018_percent_non_hispanic_asian_alone,0.47231702597369596,0.19205499847749416,2.45928004850436,0.013921597431218125
214,d_2010_2018_percent_occupied_housing_units,~,d_2010_2018_percent_public_transport_trips_under_45_min,-0.24401256077358485,0.11266415732994031,-2.165840197577842,0.0303234004387245
215,d_2010_2018_percent_occupied_housing_units,~,d_2010_2018_feet_distance_from_park,-0.005649196992703395,0.006182405600626747,-0.9137538616387362,0.3608461950586217
216,d_2010_2018_median_gross_rent,~,d_2010_2018_pop_density,0.007984763303759352,0.0028187023049835486,2.8327799238710933,0.0046145143668834265
217,d_2010_2018_median_gross_rent,~,d_2010_2018_resid_unit_density,0.017612631751075854,0.012403641350621468,1.4199565475805571,0.15562033167064016
218,d_2010_2018_median_gross_rent,~,orig_percent_non_hispanic_or_latino_white_alone,-1.01831295184025,0.3545307169960918,-2.872284129469671,0.0040751639012110985
219,d_2010_2018_median_gross_rent,~,orig_percent_non_hispanic_black_alone,-0.9153167961242452,0.338317819939832,-2.7054938941269007,0.006820290208136459
220,d_2010_2018_median_gross_rent,~,orig_percent_hispanic_any_race,-0.23711881641123525,0.43937516388881015,-0.5396727805732363,0.5894227146631741
221,d_2010_2018_median_gross_rent,~,orig_median_age,-3.85399368017687,1.2204550008939978,-3.1578334943530204,0.0015894631522876956
222,d_2010_2018_median_gross_rent,~,orig_per_capita_income,0.004748583590242134,0.0011535485859603123,4.116500721270016,3.846681265562424e-05
223,d_2010_2018_median_gross_rent,~,orig_resid_unit_density,-0.006395008639799087,0.0014014609224283817,-4.563101641218103,5.040339764228463e-06
224,d_2010_2018_median_gross_rent,~,orig_percent_multi_family_units,-1.328915256331716,0.4115351285873458,-3.229166027430469,0.0012415179557514477
225,d_2010_2018_median_gross_rent,~,orig_percent_occupied_housing_units,1.7879182717089253,1.1503689091056797,1.5542129638198716,0.12013362622351709
226,d_2010_2018_median_gross_rent,~,orig_median_gross_rent,-0.3413648070211263,0.025222096015340145,-13.534355225670897,0.0
227,d_2010_2018_median_gross_rent,~,orig_median_home_value,7.029202126701375e-05,4.1633231371311513e-05,1.6883632920957234,0.09134151242815869
228,d_2010_2018_median_gross_rent,~,orig_percent_households_with_people_under_18,0.8086104957159187,0.897129560333558,0.9013307904093265,0.3674124674498678
229,d_2010_2018_median_gross_rent,~,orig_percent_of_households_in_same_house_year_ago,-7.066210952070492,2.471891664447539,-2.8586248554897375,0.004254816317098786
230,d_2010_2018_median_gross_rent,~,orig_percent_bachelor_degree_or_higher,3.7173596406474596,1.8873293264385895,1.9696401621969108,0.04887962531920054
231,d_2010_2018_median_gross_rent,~,orig_percent_car_commuters,-0.9508119016307932,0.793582689001441,-1.1981258094553378,0.23086804248208748
232,d_2010_2018_median_gross_rent,~,orig_percent_public_transport_trips_under_45_min,0.316602458877579,1.2645615686642384,0.2503653967689031,0.8023047869854909
233,d_2010_2018_median_gross_rent,~,orig_square_meter_greenspace_coverage,-9.709046610197191e-05,2.5444354418612845e-05,-3.8157958613857867,0.00013574469708244052
234,d_2010_2018_median_gross_rent,~,d_2010_2018_resid_units,0.03314160227621668,0.0722559783700988,0.4586693450610417,0.6464716308695269
235,d_2010_2018_median_gross_rent,~,d_2010_2018_per_capita_income,0.004277671564359428,0.004303226108355836,0.9940615379375839,0.32019290892609886
236,d_2010_2018_median_gross_rent,~,d_2010_2018_percent_hispanic_any_race,-1.8248452365211136,0.7315636190682064,-2.494445033834415,0.012615426358607351
237,d_2010_2018_median_gross_rent,~,d_2010_2018_median_home_value,4.342769946077276e-05,0.00026919331982811433,0.1613253231067433,0.8718371795252757
238,d_2010_2018_median_gross_rent,~,d_2010_2018_percent_households_with_people_under_18,2.573784547956105,0.7343307445591206,3.504939112276792,0.0004567117208473803
239,d_2010_2018_median_gross_rent,~,d_2010_2018_percent_of_households_in_same_house_year_ago,-5.088944249983908,2.8826482154276847,-1.7653712384142302,0.07750139392830757
240,d_2010_2018_median_gross_rent,~,d_2010_2018_percent_bachelor_degree_or_higher,5.598436357390574,2.8523525123624793,1.9627435014165449,0.04967598567836662
241,d_2010_2018_median_gross_rent,~,d_2010_2018_square_meter_greenspace_coverage,-4.570306579539532e-05,0.00015208830954539107,-0.30050347480028816,0.7637931463314565
242,d_2010_2018_median_home_value,~,d_2010_2018_pop_density,6.900681043230513,8.168865556906779,0.8447539006680236,0.39824825814035325
243,d_2010_2018_median_home_value,~,d_2010_2018_resid_unit_density,-12.981929112429606,32.788166026749956,-0.3959333712607777,0.6921541818102903
244,d_2010_2018_median_home_value,~,2010_2018_percent_upzoned,119.73459838084561,347.87237169055635,0.34419116930433624,0.7307025229342541
245,d_2010_2018_median_home_value,~,orig_pop_density,4.709355846190675,1.87197840495819,2.5157105625336214,0.011879269419978078
246,d_2010_2018_median_home_value,~,orig_percent_non_hispanic_or_latino_white_alone,148.97284589620452,315.23093706638787,0.47258320291333034,0.636510568519685
247,d_2010_2018_median_home_value,~,orig_percent_non_hispanic_black_alone,-382.7175206105957,504.70207715768385,-0.7583038349394838,0.4482691120189508
248,d_2010_2018_median_home_value,~,orig_percent_hispanic_any_race,-1177.9074324934397,796.4563955579708,-1.478935242485228,0.13915762310538105
249,d_2010_2018_median_home_value,~,orig_median_age,-271.2446353984626,927.9041154601438,-0.2923196813972026,0.7700422120931703
250,d_2010_2018_median_home_value,~,orig_per_capita_income,0.8671080654507517,4.3131998684,0.20103591113485964,0.8406704942255989
251,d_2010_2018_median_home_value,~,orig_resid_unit_density,-12.789483779736308,4.830634203059851,-2.647578608132337,0.008107050929286208
252,d_2010_2018_median_home_value,~,orig_percent_multi_family_units,908.5141867010083,595.5576877438855,1.5254847773734146,0.1271382275780475
253,d_2010_2018_median_home_value,~,orig_percent_occupied_housing_units,-172.59116256023722,2177.3260813376805,-0.07926748503109032,0.9368198680845186
254,d_2010_2018_median_home_value,~,orig_median_gross_rent,26.263944807484528,52.02611844331353,0.5048223006700109,0.613683651144366
255,d_2010_2018_median_home_value,~,orig_median_home_value,-0.004928916918130448,0.07554419785453773,-0.06524547295552674,0.9479785560517295
256,d_2010_2018_median_home_value,~,orig_percent_households_with_people_under_18,-329.4313702297089,1145.8665278883307,-0.28749541260866035,0.7737330139621537
257,d_2010_2018_median_home_value,~,orig_percent_of_households_in_same_house_year_ago,77.92011615205746,3625.896736456112,0.021489888382264077,0.9828548695038422
258,d_2010_2018_median_home_value,~,orig_percent_bachelor_degree_or_higher,334.04964082160916,6786.456646900673,0.04922298309739696,0.9607415956012144
259,d_2010_2018_median_home_value,~,orig_percent_car_commuters,-1342.400957399634,1743.176215456537,-0.7700890738966739,0.44124705679619414
260,d_2010_2018_median_home_value,~,orig_percent_public_transport_commuters,724.0497800296498,1527.8037662140505,0.47391543079113446,0.6355602149937665
261,d_2010_2018_median_home_value,~,orig_percent_public_transport_trips_under_45_min,266.53329327186026,1552.815673709149,0.17164515903887204,0.8637165025094735
262,d_2010_2018_median_home_value,~,orig_percent_car_trips_under_45_min,89.90721247759139,150.7906054240328,0.5962388188890546,0.5510156962469153
263,d_2010_2018_median_home_value,~,orig_square_meter_greenspace_coverage,0.005630570556191528,0.01636842106903317,0.3439898406877994,0.730853926363237
264,d_2010_2018_median_home_value,~,orig_feet_distance_from_park,9.372243883827474,9.265708214443801,1.0114978441924805,0.3117782124120694
265,d_2010_2018_median_home_value,~,d_2010_2018_resid_units,25.03648772342761,68.113191062733,0.3675717923767272,0.7131925509494861
266,d_2010_2018_median_home_value,~,d_2010_2018_per_capita_income,4.607004770584438,18.702159395248177,0.2463354457215638,0.8054225734245377
267,d_2010_2018_median_home_value,~,d_2010_2018_percent_non_hispanic_or_latino_white_alone,99.93388688272795,992.0463959432203,0.10073509393450542,0.9197607521279494
268,d_2010_2018_median_home_value,~,d_2010_2018_percent_non_hispanic_black_alone,-226.16880282691275,927.4610808265171,-0.243857998467558,0.8073407996197783
269,d_2010_2018_median_home_value,~,d_2010_2018_percent_hispanic_any_race,-114.63208335039732,1556.0441301309413,-0.07366891538015118,0.9412738334903357
270,d_2010_2018_median_home_value,~,d_2010_2018_percent_non_hispanic_asian_alone,111.10399165906314,1823.2180452171349,0.060938400621101375,0.9514082669855959
271,d_2010_2018_median_home_value,~,d_2010_2018_median_gross_rent,7.425639188039531,102.26350571424545,0.07261279706945403,0.9421142430157938
272,d_2010_2018_median_home_value,~,d_2010_2018_percent_households_with_people_under_18,263.0957469775258,1463.8456087567401,0.17972916365201633,0.8573651969651548
273,d_2010_2018_median_home_value,~,d_2010_2018_percent_of_households_in_same_house_year_ago,-173.30410567908316,4754.335264667275,-0.03645180577966909,0.9709221065625506
274,d_2010_2018_median_home_value,~,d_2010_2018_percent_bachelor_degree_or_higher,147.32969662604722,9769.36131294848,0.01508079104728923,0.9879677257442767
275,d_2010_2018_median_home_value,~,d_2010_2018_percent_car_trips_under_45_min,752.689345705164,340.5777734029626,2.210036603928935,0.027102622014182565
276,d_2010_2018_percent_households_with_people_under_18,~,d_2010_2018_pop_density,-0.0004344061743638,0.0006031745977504697,-0.720199715411941,0.4714020391171956
277,d_2010_2018_percent_households_with_people_under_18,~,d_2010_2018_resid_unit_density,-0.0010098883735397358,0.0018087156373374068,-0.5583455752436781,0.5766084292867415
278,d_2010_2018_percent_households_with_people_under_18,~,2010_2018_percent_upzoned,0.21529590812526378,0.12133464625370328,1.7743976248409614,0.07599740246550901
279,d_2010_2018_percent_households_with_people_under_18,~,orig_percent_non_hispanic_or_latino_white_alone,-1.642526624117401,0.4293332581817571,-3.8257614401216875,0.00013036849347658475
280,d_2010_2018_percent_households_with_people_under_18,~,orig_percent_non_hispanic_black_alone,-1.249642812614375,0.3290274053918013,-3.7979900522952477,0.00014587417644151834
281,d_2010_2018_percent_households_with_people_under_18,~,orig_percent_hispanic_any_race,-0.531748973621553,0.17973078681222276,-2.958585910905456,0.0030905408214483288
282,d_2010_2018_percent_households_with_people_under_18,~,orig_percent_non_hispanic_asian_alone,-1.7322575705252221,0.45154469067330005,-3.8362926334897436,0.0001249055666316945
283,d_2010_2018_percent_households_with_people_under_18,~,orig_median_age,-0.8906437399711682,0.33238155115450263,-2.6795823561052163,0.007371406767549216
284,d_2010_2018_percent_households_with_people_under_18,~,orig_per_capita_income,-0.0002170593844487518,0.00012182916356685791,-1.781670138020466,0.07480303934191546
285,d_2010_2018_percent_households_with_people_under_18,~,orig_median_gross_rent,0.010510607751585866,0.004865277160981969,2.1603307276546104,0.030747075855616313
286,d_2010_2018_percent_households_with_people_under_18,~,orig_median_home_value,2.7047637474686513e-05,1.0051488799567763e-05,2.6909083144918107,0.007125777548636414
287,d_2010_2018_percent_households_with_people_under_18,~,orig_percent_households_with_people_under_18,-0.9633675937129922,0.1789509905966499,-5.383415819580513,7.308543548134594e-08
288,d_2010_2018_percent_households_with_people_under_18,~,orig_percent_of_households_in_same_house_year_ago,0.3227941210570131,0.18354930014570714,1.7586235458212616,0.07864147097344665
289,d_2010_2018_percent_households_with_people_under_18,~,orig_percent_bachelor_degree_or_higher,0.177351640649674,0.1256412693603924,1.4115715445340078,0.1580761558788415
290,d_2010_2018_percent_households_with_people_under_18,~,orig_square_meter_greenspace_coverage,1.1451907318170263e-05,4.87368148877117e-06,2.3497442323243543,0.01878631495809846
291,d_2010_2018_percent_households_with_people_under_18,~,d_2010_2018_percent_non_hispanic_or_latino_white_alone,-4.131608201915216,1.0756064869611144,-3.8411893680413827,0.0001224396096028979
292,d_2010_2018_percent_households_with_people_under_18,~,d_2010_2018_percent_hispanic_any_race,0.5961009881105603,0.5510057712172446,1.081841641681198,0.2793228997467796
293,d_2010_2018_percent_households_with_people_under_18,~,d_2010_2018_percent_non_hispanic_asian_alone,-2.091696351757725,0.6409383443408455,-3.2634907401360205,0.0011004878039466703
294,d_2010_2018_percent_households_with_people_under_18,~,d_2010_2018_percent_multi_family_units,-0.3464568045051261,0.15296943901605503,-2.2648759564745387,0.02352029260576871
295,d_2010_2018_percent_households_with_people_under_18,~,d_2010_2018_median_gross_rent,-0.004051710132131923,0.005764701215689045,-0.7028482448321963,0.48215032757733045
296,d_2010_2018_percent_households_with_people_under_18,~,d_2010_2018_median_home_value,2.652465119453953e-05,2.2256582848465592e-05,1.1917665071662913,0.23335281192589763
297,d_2010_2018_percent_households_with_people_under_18,~,d_2010_2018_percent_car_commuters,0.45717651505177465,0.24506037026667643,1.8655668990967669,0.06210198431913905
298,d_2010_2018_percent_households_with_people_under_18,~,d_2010_2018_percent_public_transport_commuters,0.12299246398222934,0.1678463224603384,0.7327682976823,0.4636997600889585
299,d_2010_2018_percent_households_with_people_under_18,~,d_2010_2018_percent_car_trips_under_45_min,0.06784599385038396,0.0812576652389594,0.8349488463645877,0.40374651056195177
300,d_2010_2018_percent_households_with_people_under_18,~,d_2010_2018_square_meter_greenspace_coverage,1.7968046166045838e-05,1.5625011064012137e-05,1.1499540667511052,0.2501627904177499
301,d_2010_2018_percent_of_households_in_same_house_year_ago,~,d_2010_2018_pop_density,-0.00015539571195733481,5.667502324588948e-05,-2.7418728800738945,0.006108997869651356
302,d_2010_2018_percent_of_households_in_same_house_year_ago,~,d_2010_2018_resid_unit_density,-4.7180075939625694e-05,0.00028956957277762014,-0.16293174494865414,0.8705721759365486
303,d_2010_2018_percent_of_households_in_same_house_year_ago,~,orig_percent_non_hispanic_or_latino_white_alone,0.037397716421731945,0.007580273776730618,4.933557483319299,8.074526376411484e-07
304,d_2010_2018_percent_of_households_in_same_house_year_ago,~,orig_percent_non_hispanic_black_alone,0.029673474990525087,0.007321660622333383,4.052833983585466,5.060091123354482e-05
305,d_2010_2018_percent_of_households_in_same_house_year_ago,~,orig_percent_hispanic_any_race,-0.010069309714641067,0.007828318626352618,-1.2862672297801332,0.19834981506950466
306,d_2010_2018_percent_of_households_in_same_house_year_ago,~,orig_median_age,0.12700831998640558,0.0274777449696045,4.6222250087217205,3.796458954985482e-06
307,d_2010_2018_percent_of_households_in_same_house_year_ago,~,orig_per_capita_income,-3.6666064395842226e-05,2.2117174579553642e-05,-1.6578095274397693,0.09735591767861052
308,d_2010_2018_percent_of_households_in_same_house_year_ago,~,orig_median_home_value,-2.063377166413372e-06,9.183277224877077e-07,-2.2468829689044068,0.02464750742854105
309,d_2010_2018_percent_of_households_in_same_house_year_ago,~,orig_percent_households_with_people_under_18,0.08973077815204021,0.015818116229745674,5.67265892114451,1.4059798658649925e-08
310,d_2010_2018_percent_of_households_in_same_house_year_ago,~,orig_percent_of_households_in_same_house_year_ago,-0.8105716332071141,0.02163125218285644,-37.47224739083989,0.0
311,d_2010_2018_percent_of_households_in_same_house_year_ago,~,orig_percent_bachelor_degree_or_higher,-0.043301471636834545,0.03806498479113196,-1.137567028419908,0.2553013209636321
312,d_2010_2018_percent_of_households_in_same_house_year_ago,~,orig_percent_public_transport_trips_under_45_min,-0.020427315689326344,0.028756620348260705,-0.7103517534824465,0.47748603385066835
313,d_2010_2018_percent_of_households_in_same_house_year_ago,~,d_2010_2018_resid_units,0.00018559901436746812,0.003069543187600325,0.0604647020627519,0.9517855280647485
314,d_2010_2018_percent_of_households_in_same_house_year_ago,~,d_2010_2018_per_capita_income,-0.00012557104779929926,9.195954033521131e-05,-1.3655031982115609,0.17209494858075658
315,d_2010_2018_percent_of_households_in_same_house_year_ago,~,d_2010_2018_percent_non_hispanic_or_latino_white_alone,0.018169112356920543,0.012887164728750787,1.4098611089354716,0.1585806982606608
316,d_2010_2018_percent_of_households_in_same_house_year_ago,~,d_2010_2018_percent_multi_family_units,-0.06388230875986833,0.02187871533222089,-2.919838198309053,0.003502131638009942
317,d_2010_2018_percent_of_households_in_same_house_year_ago,~,d_2010_2018_median_gross_rent,0.0003134022848236672,0.0013730220459460274,0.2282572851038763,0.8194462295690244
318,d_2010_2018_percent_of_households_in_same_house_year_ago,~,d_2010_2018_median_home_value,-5.297709521674607e-07,2.8431380600380952e-06,-0.18633311314725576,0.8521835416161052
319,d_2010_2018_percent_of_households_in_same_house_year_ago,~,d_2010_2018_percent_bachelor_degree_or_higher,-0.07581903279334364,0.056007806205189935,-1.3537225956363952,0.17582489649175237
320,d_2010_2018_percent_of_households_in_same_house_year_ago,~,d_2010_2018_feet_distance_from_park,-6.454990764749209e-05,0.0015706164140624635,-0.0410984547394565,0.9672174065036827
321,d_2010_2018_percent_bachelor_degree_or_higher,~,d_2010_2018_pop_density,-0.0004391421964093821,0.00011799105072330306,-3.7218262740737327,0.0001977870869167564
322,d_2010_2018_percent_bachelor_degree_or_higher,~,d_2010_2018_resid_unit_density,0.002340884758430454,0.0005877821789596426,3.9825718407985424,6.817350773014041e-05
323,d_2010_2018_percent_bachelor_degree_or_higher,~,2010_2018_percent_upzoned,0.014825899514054714,0.025553240569696,0.580196451915253,0.5617821460536816
324,d_2010_2018_percent_bachelor_degree_or_higher,~,orig_percent_non_hispanic_or_latino_white_alone,0.08362247521270698,0.011965316937950176,6.988738839043567,2.773781204723491e-12
325,d_2010_2018_percent_bachelor_degree_or_higher,~,orig_percent_non_hispanic_asian_alone,-0.09166920199530797,0.015124302895989854,-6.061053036272675,1.3523322461850285e-09
326,d_2010_2018_percent_bachelor_degree_or_higher,~,orig_percent_multi_family_units,-0.04782598611382221,0.014999214967825714,-3.188565949166238,0.001429803910263372
327,d_2010_2018_percent_bachelor_degree_or_higher,~,orig_percent_occupied_housing_units,-0.09867244287120483,0.046285636294321975,-2.131815629402453,0.033022006264695536
328,d_2010_2018_percent_bachelor_degree_or_higher,~,orig_median_home_value,9.354256434575442e-06,1.731091186736147e-06,5.4036731875107336,6.52898557440551e-08
329,d_2010_2018_percent_bachelor_degree_or_higher,~,orig_percent_households_with_people_under_18,-0.25467426668485393,0.024266645815517882,-10.49482769932306,0.0
330,d_2010_2018_percent_bachelor_degree_or_higher,~,orig_percent_bachelor_degree_or_higher,-0.24142842835819084,0.024221405115300985,-9.967564936838025,0.0
331,d_2010_2018_percent_bachelor_degree_or_higher,~,orig_percent_car_commuters,-0.07749283301306195,0.03450704273081384,-2.2457106398635913,0.024722548223213625
332,d_2010_2018_percent_bachelor_degree_or_higher,~,orig_percent_public_transport_commuters,0.08244320811331142,0.028140332478580846,2.929716916924623,0.003392709243586145
333,d_2010_2018_percent_bachelor_degree_or_higher,~,orig_percent_car_trips_under_45_min,-0.006542131796279548,0.010925336109789414,-0.5988037100129859,0.5493037880186689
334,d_2010_2018_percent_bachelor_degree_or_higher,~,orig_square_meter_greenspace_coverage,2.851353948007536e-07,9.398249040696471e-07,0.30339171708936347,0.7615913572059387
335,d_2010_2018_percent_bachelor_degree_or_higher,~,d_2010_2018_resid_units,8.077855379838767e-05,0.002939575182234311,0.027479669259389338,0.9780771553044223
336,d_2010_2018_percent_bachelor_degree_or_higher,~,d_2010_2018_per_capita_income,-0.0002694580840180148,0.0001432234452119456,-1.881382491099007,0.05991990687723692
337,d_2010_2018_percent_bachelor_degree_or_higher,~,d_2010_2018_percent_non_hispanic_or_latino_white_alone,0.202304767540103,0.045562325017320375,4.440176559443735,8.988510315832698e-06
338,d_2010_2018_percent_bachelor_degree_or_higher,~,d_2010_2018_percent_non_hispanic_black_alone,-0.07606539155063596,0.053648135208007784,-1.4178571399414497,0.1562324777985542
339,d_2010_2018_percent_bachelor_degree_or_higher,~,d_2010_2018_percent_hispanic_any_race,0.1017283379040357,0.058364088221585946,1.7429954103980758,0.08133441652010909
340,d_2010_2018_percent_bachelor_degree_or_higher,~,d_2010_2018_median_gross_rent,-0.002323205402389115,0.0026237951372218168,-0.8854370406233714,0.3759209622190893
341,d_2010_2018_percent_bachelor_degree_or_higher,~,d_2010_2018_median_home_value,4.001492898164812e-06,7.138831329212552e-06,0.560524846870328,0.575121496689444
342,d_2010_2018_percent_bachelor_degree_or_higher,~,d_2010_2018_percent_of_households_in_same_house_year_ago,0.006147634474069579,0.047194015798614465,0.13026300834776175,0.8963583457146878
343,d_2010_2018_percent_car_commuters,~,d_2010_2018_pop_density,-0.0009397643786313879,0.0002111676234771807,-4.450324148685686,8.574077654088796e-06
344,d_2010_2018_percent_car_commuters,~,d_2010_2018_resid_unit_density,0.00030780387066224504,0.0006861966257606911,0.4485651177203916,0.6537454018200073
345,d_2010_2018_percent_car_commuters,~,orig_percent_car_commuters,-0.28376807752828853,0.04250736215335594,-6.675739522434926,2.4598767467409743e-11
346,d_2010_2018_percent_car_commuters,~,orig_percent_public_transport_commuters,-0.276256138975728,0.07221842323496705,-3.825286216414425,0.0001306202426958336
347,d_2010_2018_percent_car_commuters,~,orig_percent_car_trips_under_45_min,0.010368664690094532,0.019448416758900623,0.5331366978659663,0.5939389572812992
348,d_2010_2018_percent_car_commuters,~,d_2010_2018_percent_multi_family_units,-0.1539710942661778,0.07644282724781305,-2.0141993671298772,0.043988606119486295
349,d_2010_2018_percent_car_commuters,~,d_2010_2018_percent_households_with_people_under_18,-0.058769754003719976,0.044866511700988064,-1.309880170628818,0.19023637627225742
350,d_2010_2018_percent_car_commuters,~,d_2010_2018_percent_public_transport_commuters,-0.7744158822520566,0.15701238831297293,-4.93219605515127,8.131024291646582e-07
351,d_2010_2018_percent_car_commuters,~,d_2010_2018_percent_public_transport_trips_under_45_min,-3.6920563186939908,1.2107360739888853,-3.0494311667175404,0.0022927516627715416
352,d_2010_2018_percent_car_commuters,~,d_2010_2018_percent_car_trips_under_45_min,-0.8754560624940733,0.11936609701806866,-7.334210335738963,2.2293278334473143e-13
353,d_2010_2018_percent_public_transport_commuters,~,d_2010_2018_pop_density,0.00048159093479603214,0.0005011975436568358,0.9608804750345933,0.33661226909874387
354,d_2010_2018_percent_public_transport_commuters,~,d_2010_2018_resid_unit_density,-0.00033905051710076133,0.001388361216658377,-0.24420915305644095,0.8070688385309868
355,d_2010_2018_percent_public_transport_commuters,~,orig_percent_hispanic_any_race,0.13860885281618002,0.06080415697608823,2.279595009736087,0.022631719205749246
356,d_2010_2018_percent_public_transport_commuters,~,orig_percent_car_commuters,0.1253217982332823,0.16183843154629957,0.7743636479611781,0.4387157744585295
357,d_2010_2018_percent_public_transport_commuters,~,orig_percent_public_transport_commuters,-0.6580176186839624,0.1634472749156835,-4.025870844401559,5.676484139160998e-05
358,d_2010_2018_percent_public_transport_commuters,~,orig_percent_public_transport_trips_under_45_min,-1.0711805552403342,0.44002944504182295,-2.4343383546437187,0.014919041824353885
359,d_2010_2018_percent_public_transport_commuters,~,orig_percent_car_trips_under_45_min,0.11265589463505035,0.058208330141828614,1.935391280914967,0.05294229845123821
360,d_2010_2018_percent_public_transport_commuters,~,d_2010_2018_percent_multi_family_units,-0.45211524835753847,0.1832261590264008,-2.467525656584474,0.013605047122519753
361,d_2010_2018_percent_public_transport_commuters,~,d_2010_2018_percent_households_with_people_under_18,-0.03733785274219328,0.0829117381685099,-0.4503325291029052,0.6524706871040316
362,d_2010_2018_percent_public_transport_commuters,~,d_2010_2018_percent_car_commuters,0.9695929909714569,0.6881587773901471,1.408966975103107,0.15884493360817853
363,d_2010_2018_percent_public_transport_commuters,~,d_2010_2018_percent_public_transport_trips_under_45_min,-9.306086848004043,3.3670260859491083,-2.76388914444007,0.0057116940348989065
364,d_2010_2018_percent_public_transport_commuters,~,d_2010_2018_percent_car_trips_under_45_min,1.6721293656377607,0.8263458101776898,2.023522531415967,0.043019302993530184
365,d_2010_2018_percent_public_transport_trips_under_45_min,~,d_2010_2018_pop_density,6.88537808148791e-06,0.00015655588048623406,0.04398032201743465,0.964920089443186
366,d_2010_2018_percent_public_transport_trips_under_45_min,~,d_2010_2018_resid_unit_density,-0.001703209187517754,0.001119254281161026,-1.5217356901500914,0.12807532104752273
367,d_2010_2018_percent_public_transport_trips_under_45_min,~,orig_pop_density,-0.00011136996916178899,0.00010005440819958378,-1.1130940660459396,0.26566803194662447
368,d_2010_2018_percent_public_transport_trips_under_45_min,~,orig_median_age,0.049476120314504,0.06595233063171889,0.7501800139563064,0.45314629419165864
369,d_2010_2018_percent_public_transport_trips_under_45_min,~,orig_resid_unit_density,-1.2620997654376381e-05,0.00013693458104832137,-0.09216808103246478,0.9265644977164218
370,d_2010_2018_percent_public_transport_trips_under_45_min,~,orig_percent_multi_family_units,-0.12159133561357265,0.07656222434232589,-1.5881374484148205,0.11225526186836898
371,d_2010_2018_percent_public_transport_trips_under_45_min,~,orig_percent_public_transport_commuters,0.3984958952191381,0.2591146481763991,1.5379134218082247,0.12406978512378175
372,d_2010_2018_percent_public_transport_trips_under_45_min,~,d_2010_2018_percent_hispanic_any_race,-0.0418443646604902,0.04445514983313843,-0.9412714796060966,0.346565754406134
373,d_2010_2018_percent_public_transport_trips_under_45_min,~,d_2010_2018_percent_occupied_housing_units,-0.10303574574646097,0.08280095560637493,-1.244378703007188,0.21336021730432497
374,d_2010_2018_percent_public_transport_trips_under_45_min,~,d_2010_2018_percent_car_commuters,0.3226780081163538,0.202543175976708,1.5931319658573333,0.11113058962802946
375,d_2010_2018_percent_public_transport_trips_under_45_min,~,d_2010_2018_percent_public_transport_commuters,1.4895099230513005,0.926194789718192,1.6082037381174397,0.10779056475489046
376,d_2010_2018_percent_car_trips_under_45_min,~,d_2010_2018_pop_density,0.0005784714092796474,0.0008871415452781636,0.6520621333839183,0.5143610906999343
377,d_2010_2018_percent_car_trips_under_45_min,~,d_2010_2018_resid_unit_density,-0.0034314770879704526,0.0033370240362335353,-1.0283045760782774,0.3038065791758573
378,d_2010_2018_percent_car_trips_under_45_min,~,orig_pop_density,0.001484122385340306,0.0006687340237181878,2.219301441953297,0.026466223584940662
379,d_2010_2018_percent_car_trips_under_45_min,~,orig_percent_hispanic_any_race,-0.08004085352599705,0.09411822686063816,-0.8504288297277842,0.39508671333332646
380,d_2010_2018_percent_car_trips_under_45_min,~,orig_median_age,-1.1152107013750954,0.48397752918758197,-2.304261322307287,0.021207978727229015
381,d_2010_2018_percent_car_trips_under_45_min,~,orig_per_capita_income,0.00021420339522340256,0.0002459563277615692,0.8709001158943626,0.3838086935179077
382,d_2010_2018_percent_car_trips_under_45_min,~,orig_resid_unit_density,-0.0004368364483492274,0.0010691999743125962,-0.4085638406618106,0.6828597712302003
383,d_2010_2018_percent_car_trips_under_45_min,~,orig_percent_multi_family_units,0.9641012747845012,0.32197275056087327,2.9943567370283737,0.0027502417815212787
384,d_2010_2018_percent_car_trips_under_45_min,~,orig_median_home_value,6.359195202298231e-05,2.2758974137340588e-05,2.7941483146421286,0.005203660671230015
385,d_2010_2018_percent_car_trips_under_45_min,~,orig_percent_of_households_in_same_house_year_ago,-0.1498231087519052,0.2931744968851281,-0.5110373185362641,0.6093249256053805
386,d_2010_2018_percent_car_trips_under_45_min,~,orig_percent_bachelor_degree_or_higher,0.4698646729032462,0.2334835664653621,2.0124100381640324,0.04417673120517174
387,d_2010_2018_percent_car_trips_under_45_min,~,orig_percent_car_commuters,4.911028965961013,1.612166010545968,3.046230309926223,0.0023173025963587612
388,d_2010_2018_percent_car_trips_under_45_min,~,orig_percent_public_transport_commuters,3.1961005744507465,1.033041393769972,3.093874644058387,0.00197560941822017
389,d_2010_2018_percent_car_trips_under_45_min,~,orig_percent_public_transport_trips_under_45_min,2.844372151505791,0.9018523585059393,3.153922174373185,0.001610920391750481
390,d_2010_2018_percent_car_trips_under_45_min,~,orig_square_meter_greenspace_coverage,-2.76802866668325e-05,1.1126462593749405e-05,-2.4877883645242553,0.012854019935407912
391,d_2010_2018_percent_car_trips_under_45_min,~,orig_feet_distance_from_park,-0.010106694655090814,0.004082223451141289,-2.4757818315382636,0.013294478860928827
392,d_2010_2018_percent_car_trips_under_45_min,~,d_2010_2018_per_capita_income,0.00010715231314742937,0.000287615691795379,0.3725537786412152,0.7094805792827663
393,d_2010_2018_percent_car_trips_under_45_min,~,d_2010_2018_percent_non_hispanic_or_latino_white_alone,0.682933232502172,0.30895708170828085,2.210446929145943,0.02707415988511941
394,d_2010_2018_percent_car_trips_under_45_min,~,d_2010_2018_percent_non_hispanic_black_alone,-0.2151113009731739,0.2531444349693602,-0.8497571791311967,0.39546010124010245
395,d_2010_2018_percent_car_trips_under_45_min,~,d_2010_2018_median_home_value,5.1202513810689784e-05,2.1234433748408532e-05,2.41129629384306,0.01589592887858471
396,d_2010_2018_percent_car_trips_under_45_min,~,d_2010_2018_percent_households_with_people_under_18,-0.07646531046971179,0.20473735799525258,-0.3734800097943599,0.7087912206526013
397,d_2010_2018_percent_car_trips_under_45_min,~,d_2010_2018_percent_car_commuters,11.276930571210178,3.8017582999103934,2.9662407974418064,0.0030146435542994787
398,d_2010_2018_percent_car_trips_under_45_min,~,d_2010_2018_percent_public_transport_commuters,6.9862824486733315,2.291264911798069,3.049094154367249,0.002295325317282604
399,d_2010_2018_feet_distance_from_park,~,d_2010_2018_pop_density,0.0008180345705142556,0.001241764081292302,0.6587681043279656,0.5100446920673927
400,d_2010_2018_feet_distance_from_park,~,d_2010_2018_resid_unit_density,-0.0055916547469119894,0.004548911810842784,-1.2292290943857154,0.21898592340214806
401,d_2010_2018_feet_distance_from_park,~,orig_percent_non_hispanic_or_latino_white_alone,-0.39841942780035516,0.1330708899792403,-2.994038950663939,0.0027531079544451664
402,d_2010_2018_feet_distance_from_park,~,orig_percent_non_hispanic_black_alone,-0.5621255231091099,0.1319581568550636,-4.259877043616647,2.0453939101106045e-05
403,d_2010_2018_feet_distance_from_park,~,orig_percent_public_transport_commuters,-0.5964978738712446,0.18264750641879726,-3.2658418697502123,0.0010913917652648486
404,d_2010_2018_feet_distance_from_park,~,orig_square_meter_greenspace_coverage,1.3698049508169975e-05,1.8404038030350477e-05,0.7442958301479498,0.45669752338456115
405,d_2010_2018_feet_distance_from_park,~,orig_feet_distance_from_park,-0.02028410853356031,0.0037692718550174967,-5.381439521582269,7.389252987266559e-08
406,d_2010_2018_feet_distance_from_park,~,d_2010_2018_percent_non_hispanic_or_latino_white_alone,-0.49445420349772673,0.30304606496939596,-1.6316140041152791,0.1027608262237929
407,d_2010_2018_feet_distance_from_park,~,d_2010_2018_percent_non_hispanic_black_alone,-0.7081174463194453,0.9322467684786951,-0.7595815510031113,0.4475047503615486
408,d_2010_2018_feet_distance_from_park,~,d_2010_2018_percent_occupied_housing_units,-1.8181756149742199,0.6532876388310114,-2.783116512390879,0.005383946789505822
409,d_2010_2018_feet_distance_from_park,~,d_2010_2018_percent_of_households_in_same_house_year_ago,-1.0432243119414066,0.5285819410454217,-1.9736283647454151,0.048424016018406846
410,d_2010_2018_feet_distance_from_park,~,d_2010_2018_square_meter_greenspace_coverage,-3.3502254193765224e-05,0.00014764055860052894,-0.22691768633505774,0.8204877490512767
411,d_2010_2018_square_meter_greenspace_coverage,~,d_2010_2018_pop_density,0.9782682337260944,0.68446807266359,1.4292386640004395,0.1529356484036435
412,d_2010_2018_square_meter_greenspace_coverage,~,d_2010_2018_resid_unit_density,-0.6951255509689751,2.927453877129803,-0.2374505560614562,0.8123072728962817
413,d_2010_2018_square_meter_greenspace_coverage,~,orig_percent_non_hispanic_or_latino_white_alone,271.9895462313297,57.21487513763502,4.7538257415931096,1.99603094230838e-06
414,d_2010_2018_square_meter_greenspace_coverage,~,orig_percent_multi_family_units,-675.346957386387,97.61479164307643,-6.918489974918476,4.564792988048794e-12
415,d_2010_2018_square_meter_greenspace_coverage,~,orig_percent_households_with_people_under_18,-34.72658622351931,161.67209440555348,-0.2147964146268042,0.8299260483725581
416,d_2010_2018_square_meter_greenspace_coverage,~,orig_percent_of_households_in_same_house_year_ago,132.2754961625115,260.727512692725,0.5073323286691326,0.6119216587060392
417,d_2010_2018_square_meter_greenspace_coverage,~,orig_percent_car_commuters,-106.59485138062637,196.38385987726824,-0.5427882487249369,0.5872756050819468
418,d_2010_2018_square_meter_greenspace_coverage,~,orig_percent_public_transport_commuters,559.8641723333471,195.83588350640449,2.85884365167957,0.004251882898348436
419,d_2010_2018_square_meter_greenspace_coverage,~,orig_square_meter_greenspace_coverage,0.09325870306160387,0.006592072163994143,14.14709983862665,0.0
420,d_2010_2018_square_meter_greenspace_coverage,~,orig_feet_distance_from_park,-6.191737668762376,2.6591114969001484,-2.328498701907779,0.01988563809566557
421,d_2010_2018_square_meter_greenspace_coverage,~,d_2010_2018_percent_hispanic_any_race,231.45181383956947,205.20687480365964,1.1278950281808038,0.25936425384555495
422,d_2010_2018_square_meter_greenspace_coverage,~,d_2010_2018_percent_multi_family_units,225.87942380117698,539.5274400746366,0.4186616046255758,0.6754634600031921
423,d_2010_2018_square_meter_greenspace_coverage,~,d_2010_2018_median_gross_rent,-18.619904449962913,13.617066407851498,-1.3673947010514282,0.1715016223664949
424,d_2010_2018_square_meter_greenspace_coverage,~,d_2010_2018_percent_households_with_people_under_18,-440.5034590802735,212.85506830500142,-2.0694995077545966,0.03849923747164152
425,d_2010_2018_square_meter_greenspace_coverage,~,d_2010_2018_feet_distance_from_park,-4.556534595427088,55.58072524001156,-0.08198048110654806,0.934662235022049
426,2010_2018_percent_upzoned,~~,orig_pop_density,7910.261144865531,712.2022699582815,11.106762051360601,0.0
427,2010_2018_percent_upzoned,~~,orig_percent_non_hispanic_or_latino_white_alone,-24.80353825154218,2.3230797311458824,-10.677006871088711,0.0
428,2010_2018_percent_upzoned,~~,orig_percent_hispanic_any_race,18.92950044412549,3.198252828105169,5.918700447248415,3.2449536391254696e-09
429,2010_2018_percent_upzoned,~~,orig_median_age,-6.095855030122497,0.8735508525689941,-6.978248618484475,2.9887203822909214e-12
430,2010_2018_percent_upzoned,~~,orig_per_capita_income,-9034.792358277815,1696.2082652528397,-5.32646405713102,1.0014308560180041e-07
431,2010_2018_percent_upzoned,~~,orig_percent_multi_family_units,21.433600459871695,3.522367013817311,6.084999199625503,1.1649188280671297e-09
432,2010_2018_percent_upzoned,~~,orig_percent_of_households_in_same_house_year_ago,-4.582756318333265,1.0587018291314043,-4.328656277177483,1.5002186050550037e-05
433,2010_2018_percent_upzoned,~~,orig_percent_bachelor_degree_or_higher,-7.833641907474755,2.0720346801515057,-3.7806519275527686,0.00015641823236678398
434,2010_2018_percent_upzoned,~~,orig_percent_car_commuters,-20.076781203359836,2.5785034949815557,-7.7862144621586635,6.8833827526759706e-15
435,2010_2018_percent_upzoned,~~,orig_percent_public_transport_commuters,17.70864979110998,2.3999052177063045,7.378895491559263,1.596500709410975e-13
436,2010_2018_percent_upzoned,~~,orig_percent_car_trips_under_45_min,10.211828733611558,3.6578148205212937,2.7917839570001597,0.005241834186871408
437,2010_2018_percent_upzoned,~~,orig_square_meter_greenspace_coverage,-124113.85194464911,42346.315321688686,-2.930924473636109,0.003379549350915001
438,2010_2018_percent_upzoned,~~,orig_feet_distance_from_park,-273.4744836428936,116.79300496983977,-2.3415313589500704,0.019204812531589344
439,orig_pop_density,~~,orig_percent_non_hispanic_or_latino_white_alone,-34414.81126050729,2118.7947170416764,-16.242635958880552,0.0
440,orig_pop_density,~~,orig_percent_hispanic_any_race,78525.56911175621,3247.6415910316146,24.179259598289757,0.0
441,orig_pop_density,~~,orig_median_age,-18140.56090766372,988.7191206640745,-18.347537261623472,0.0
442,orig_pop_density,~~,orig_per_capita_income,6202984.651706076,1836370.909355065,3.3778495510389943,0.0007305503810186575
443,orig_pop_density,~~,orig_resid_unit_density,64247530.52647287,169873.98514195124,378.20700134152924,0.0
444,orig_pop_density,~~,orig_percent_multi_family_units,172609.51871968602,3399.036723422829,50.78189286106572,0.0
445,orig_pop_density,~~,orig_median_gross_rent,-387994.1281716938,26812.23372619129,-14.470787183713277,0.0
446,orig_pop_density,~~,orig_percent_of_households_in_same_house_year_ago,-14353.903244850519,1236.143439262203,-11.611842759459769,0.0
447,orig_pop_density,~~,orig_percent_bachelor_degree_or_higher,7505.4975544758245,2407.134040312554,3.1180222741153503,0.001820690429991334
448,orig_pop_density,~~,orig_percent_car_commuters,-137410.92154692058,2298.4346872808355,-59.78456656059459,0.0
449,orig_pop_density,~~,orig_percent_public_transport_commuters,94980.7963589687,2301.4787616251633,41.26946463407685,0.0
450,orig_pop_density,~~,orig_percent_public_transport_trips_under_45_min,-11068.423516707178,788.6136919265754,-14.035292095508913,0.0
451,orig_pop_density,~~,orig_percent_car_trips_under_45_min,28382.168224154477,4493.984145785583,6.315591533799916,2.691300515778039e-10
452,orig_pop_density,~~,orig_square_meter_greenspace_coverage,-871480434.1690143,46153630.00705402,-18.8821645022465,0.0
453,orig_pop_density,~~,orig_feet_distance_from_park,-2292582.0811847807,136191.52481564807,-16.83351503911915,0.0
454,orig_percent_non_hispanic_or_latino_white_alone,~~,orig_percent_non_hispanic_black_alone,-763.1640467857844,5.24836482519885,-145.40986996968607,0.0
455,orig_percent_non_hispanic_or_latino_white_alone,~~,orig_percent_hispanic_any_race,-130.83965944963825,9.622179468206818,-13.597715557264266,0.0
456,orig_percent_non_hispanic_or_latino_white_alone,~~,orig_median_age,47.86119227788955,3.3452687233010807,14.307129332990103,0.0
457,orig_percent_non_hispanic_or_latino_white_alone,~~,orig_per_capita_income,183580.1242516927,5876.949002362967,31.237317897072092,0.0
458,orig_percent_non_hispanic_or_latino_white_alone,~~,orig_median_gross_rent,2087.4044426533565,154.00571952033408,13.554070908241387,0.0
459,orig_percent_non_hispanic_or_latino_white_alone,~~,orig_median_home_value,1731939.5303350675,89673.59263546742,19.313818922986435,0.0
460,orig_percent_non_hispanic_or_latino_white_alone,~~,orig_percent_households_with_people_under_18,-165.06399072765018,5.57995863042332,-29.581579660402987,0.0
461,orig_percent_non_hispanic_or_latino_white_alone,~~,orig_percent_bachelor_degree_or_higher,227.95943033331338,7.206007181631306,31.63463823826997,0.0
462,orig_percent_non_hispanic_or_latino_white_alone,~~,orig_percent_car_commuters,72.0842807834643,4.139465203969243,17.413911515508534,0.0
463,orig_percent_non_hispanic_or_latino_white_alone,~~,orig_percent_public_transport_commuters,-142.3393053327812,5.408757205365645,-26.31645310156465,0.0
464,orig_percent_non_hispanic_or_latino_white_alone,~~,orig_percent_public_transport_trips_under_45_min,30.94892464501426,2.5656295423183617,12.062896897046187,0.0
465,orig_percent_non_hispanic_or_latino_white_alone,~~,orig_square_meter_greenspace_coverage,1227582.140410727,60706.36269078129,20.22163882003005,0.0
466,orig_percent_non_hispanic_black_alone,~~,orig_percent_hispanic_any_race,-121.90262824603447,8.069294822416685,-15.106974144428467,0.0
467,orig_percent_non_hispanic_black_alone,~~,orig_percent_non_hispanic_asian_alone,-228.807317574436,4.422861867070608,-51.732865382461085,0.0
468,orig_percent_non_hispanic_black_alone,~~,orig_median_age,-27.941411152897363,3.75146240419841,-7.4481383904099845,9.459100169806334e-14
469,orig_percent_non_hispanic_black_alone,~~,orig_per_capita_income,-98988.9272309721,6567.742190329719,-15.071987353084968,0.0
470,orig_percent_non_hispanic_black_alone,~~,orig_resid_unit_density,-12764.610453145551,1152.5086699492913,-11.075500589255581,0.0
471,orig_percent_non_hispanic_black_alone,~~,orig_percent_multi_family_units,-91.7917671640386,5.771375714287178,-15.904659774062187,0.0
472,orig_percent_non_hispanic_black_alone,~~,orig_median_gross_rent,-1979.794214207725,167.73660457977016,-11.802994457695645,0.0
473,orig_percent_non_hispanic_black_alone,~~,orig_median_home_value,-1366692.550910163,100390.3486088462,-13.613784291508406,0.0
474,orig_percent_non_hispanic_black_alone,~~,orig_percent_households_with_people_under_18,120.78748973928937,6.790675166354862,17.787257788110132,0.0
475,orig_percent_non_hispanic_black_alone,~~,orig_percent_of_households_in_same_house_year_ago,10.256306369458853,1.809827089430339,5.66700898077587,1.453117293159778e-08
476,orig_percent_non_hispanic_black_alone,~~,orig_percent_bachelor_degree_or_higher,-156.4793107090974,8.357669057864824,-18.722841216334935,0.0
477,orig_percent_non_hispanic_black_alone,~~,orig_percent_public_transport_commuters,76.43979064799125,5.46960779843069,13.975369617892703,0.0
478,orig_percent_non_hispanic_black_alone,~~,orig_percent_public_transport_trips_under_45_min,-17.925030630188544,2.862696267780075,-6.261590107176317,3.810716187047092e-10
479,orig_percent_hispanic_any_race,~~,orig_percent_non_hispanic_asian_alone,-37.94167159327967,6.53759823911433,-5.8036101647038425,6.490207704601403e-09
480,orig_percent_hispanic_any_race,~~,orig_median_age,-51.36190127238411,2.3598290018079577,-21.765094518718083,0.0
481,orig_percent_hispanic_any_race,~~,orig_per_capita_income,-109150.39604831804,4689.682095426615,-23.274583186515276,0.0
482,orig_percent_hispanic_any_race,~~,orig_resid_unit_density,17146.460291414667,1643.441847279416,10.433262557965909,0.0
483,orig_percent_hispanic_any_race,~~,orig_percent_multi_family_units,171.99918754739375,8.624090951060177,19.944036829322815,0.0
484,orig_percent_hispanic_any_race,~~,orig_percent_occupied_housing_units,-4.696065240695398,1.9302842213211135,-2.4328361537757957,0.014981078279921789
485,orig_percent_hispanic_any_race,~~,orig_median_gross_rent,-1000.1374007001808,117.7400380482755,-8.49445453967068,0.0
486,orig_percent_hispanic_any_race,~~,orig_median_home_value,-787814.7670984243,65336.35256149562,-12.057832067636777,0.0
487,orig_percent_hispanic_any_race,~~,orig_percent_households_with_people_under_18,85.0570815680671,4.590043878864057,18.53077744195737,0.0
488,orig_percent_hispanic_any_race,~~,orig_percent_of_households_in_same_house_year_ago,-33.08487666344593,2.665634556046494,-12.411632565456753,0.0
489,orig_percent_hispanic_any_race,~~,orig_percent_bachelor_degree_or_higher,-140.52600552685843,5.248002258685439,-26.77704745539338,0.0
490,orig_percent_hispanic_any_race,~~,orig_percent_car_commuters,-118.2859428233497,5.816112382526344,-20.337630197570135,0.0
491,orig_percent_hispanic_any_race,~~,orig_percent_public_transport_commuters,108.2813816354498,5.294827767679904,20.450406771753457,0.0
492,orig_percent_hispanic_any_race,~~,orig_percent_public_transport_trips_under_45_min,-10.123508878069837,1.9284397281635242,-5.249585315121735,1.5244198614539073e-07
493,orig_percent_hispanic_any_race,~~,orig_percent_car_trips_under_45_min,39.238038790429904,7.053244923527623,5.5631187086013965,2.6499549221625784e-08
494,orig_percent_hispanic_any_race,~~,orig_square_meter_greenspace_coverage,-513751.7268762891,80702.33163270174,-6.3660084719052845,1.9401080741943133e-10
495,orig_percent_hispanic_any_race,~~,orig_feet_distance_from_park,-3437.321406820435,224.78012732390678,-15.291927483728402,0.0
496,orig_percent_non_hispanic_asian_alone,~~,orig_median_age,15.96191820561415,1.9325384613414336,8.25956043044351,2.220446049250313e-16
497,orig_percent_non_hispanic_asian_alone,~~,orig_resid_unit_density,-2851.6132883764944,621.2989455094156,-4.589760386666026,4.437551178293475e-06
498,orig_percent_non_hispanic_asian_alone,~~,orig_percent_occupied_housing_units,11.765948836361913,1.2094379722208004,9.728443381637218,0.0
499,orig_percent_non_hispanic_asian_alone,~~,orig_median_gross_rent,668.9274011758963,81.4003469776772,8.21774631205603,2.220446049250313e-16
500,orig_percent_non_hispanic_asian_alone,~~,orig_median_home_value,291711.78126567876,53617.16661949743,5.440641489615757,5.3089055818134057e-08
501,orig_percent_non_hispanic_asian_alone,~~,orig_percent_households_with_people_under_18,-21.122432333859255,3.564688037537957,-5.925464475831685,3.1141589307281947e-09
502,orig_percent_non_hispanic_asian_alone,~~,orig_percent_bachelor_degree_or_higher,22.215934827786295,3.493044720579577,6.360048784057307,2.016897759915537e-10
503,orig_percent_non_hispanic_asian_alone,~~,orig_percent_public_transport_commuters,-1.8743109670068103,2.8699285455377197,-0.6530862832527351,0.5137006546987708
504,orig_percent_non_hispanic_asian_alone,~~,orig_percent_public_transport_trips_under_45_min,-5.002498456881149,1.534630357626053,-3.259741625739988,0.001115137493724161
505,orig_percent_non_hispanic_asian_alone,~~,orig_percent_car_trips_under_45_min,-30.139995476155924,4.5487353225005265,-6.626016538500369,3.448663576932631e-11
506,orig_percent_non_hispanic_asian_alone,~~,orig_feet_distance_from_park,1203.8742073504834,146.51432838456074,8.216767742951589,2.220446049250313e-16
507,orig_median_age,~~,orig_per_capita_income,31819.27200002891,1328.5861913906317,23.949723552917288,0.0
508,orig_median_age,~~,orig_resid_unit_density,-3060.6217685472975,495.2753361738443,-6.179636951420889,6.424918375103061e-10
509,orig_median_age,~~,orig_percent_multi_family_units,-36.49169204824709,2.5161411826673565,-14.503038342843627,0.0
510,orig_median_age,~~,orig_median_gross_rent,125.39477419398662,34.2556568325085,3.6605567018345346,0.0002516678508621695
511,orig_median_age,~~,orig_percent_households_with_people_under_18,-43.42323848770314,0.9400517985275392,-46.19238913820858,0.0
512,orig_median_age,~~,orig_percent_of_households_in_same_house_year_ago,8.511025464650158,0.7349028923915829,11.581156575586853,0.0
513,orig_median_age,~~,orig_percent_bachelor_degree_or_higher,29.74361105910322,1.7317662713861965,17.17530335966048,0.0
514,orig_median_age,~~,orig_percent_car_commuters,37.20920291666064,1.5609461887786371,23.83759490501793,0.0
515,orig_median_age,~~,orig_percent_public_transport_commuters,-22.132114031982493,1.4177351527963404,-15.61089459361539,0.0
516,orig_median_age,~~,orig_percent_car_trips_under_45_min,-20.06738122005015,2.04695047618999,-9.803549940979506,0.0
517,orig_median_age,~~,orig_square_meter_greenspace_coverage,152340.12648337492,23766.10620684666,6.409974152159936,1.4554424332402505e-10
518,orig_median_age,~~,orig_feet_distance_from_park,750.6530816337573,77.73584246205594,9.656460364472837,0.0
519,orig_per_capita_income,~~,orig_resid_unit_density,27048546.554027773,801346.8817050577,33.75385513009735,0.0
520,orig_per_capita_income,~~,orig_percent_multi_family_units,-14763.514962526237,4953.811988441686,-2.9802332016178057,0.002880290189601009
521,orig_per_capita_income,~~,orig_percent_occupied_housing_units,-5334.550256438803,1282.6320544638977,-4.159065133194791,3.195527767974049e-05
522,orig_per_capita_income,~~,orig_median_gross_rent,1733883.17157765,51339.18433135969,33.773095427200545,0.0
523,orig_per_capita_income,~~,orig_median_home_value,709760982.2207967,37515789.94467889,18.9189933963117,0.0
524,orig_per_capita_income,~~,orig_percent_households_with_people_under_18,-102338.65840225619,2203.9750034916237,-46.43367471959856,0.0
525,orig_per_capita_income,~~,orig_percent_of_households_in_same_house_year_ago,-10900.902961610911,1585.1753608748986,-6.8767804690040215,6.121991802388038e-12
526,orig_per_capita_income,~~,orig_percent_bachelor_degree_or_higher,182145.5707079113,1405.262728564528,129.6167378565376,0.0
527,orig_per_capita_income,~~,orig_percent_car_commuters,-1265.0756704382918,3524.160166781749,-0.3589722403546585,0.7196158560934225
528,orig_per_capita_income,~~,orig_percent_public_transport_commuters,-27467.86826378446,3128.649175417521,-8.779465745026796,0.0
529,orig_per_capita_income,~~,orig_percent_public_transport_trips_under_45_min,581.561144298883,1025.9952766461715,0.5668263368618234,0.570832175265868
530,orig_resid_unit_density,~~,orig_percent_multi_family_units,82357.50327774507,1614.7855038589225,51.00213191221481,0.0
531,orig_resid_unit_density,~~,orig_percent_occupied_housing_units,-2963.223786359189,227.38929326082172,-13.031500928938978,0.0
532,orig_resid_unit_density,~~,orig_median_home_value,67659274.54142272,7379556.136090587,9.168474809823193,0.0
533,orig_resid_unit_density,~~,orig_percent_households_with_people_under_18,-22676.43314940883,475.93312123661923,-47.646259815850804,0.0
534,orig_resid_unit_density,~~,orig_percent_of_households_in_same_house_year_ago,-8620.624229044504,569.3986729039694,-15.139874115053267,0.0
535,orig_resid_unit_density,~~,orig_percent_bachelor_degree_or_higher,27552.742101314703,1073.4253664261055,25.66805570567948,0.0
536,orig_resid_unit_density,~~,orig_percent_car_commuters,-65394.926362192535,1123.506345217169,-58.206103277104255,0.0
537,orig_resid_unit_density,~~,orig_percent_public_transport_commuters,42793.57988692775,1099.9751507560086,38.90413329566205,0.0
538,orig_resid_unit_density,~~,orig_percent_public_transport_trips_under_45_min,-5012.456321691294,368.13855692938847,-13.615678736559788,0.0
539,orig_resid_unit_density,~~,orig_percent_car_trips_under_45_min,13335.719901334038,2024.1750724970013,6.588224547634225,4.451172763708655e-11
540,orig_resid_unit_density,~~,orig_square_meter_greenspace_coverage,-359955241.02709836,21138243.00626254,-17.028626311110905,0.0
541,orig_resid_unit_density,~~,orig_feet_distance_from_park,-1146476.6378797663,61739.114083833345,-18.56969693998211,0.0
542,orig_percent_multi_family_units,~~,orig_percent_occupied_housing_units,-20.258666480228097,1.8977519543714163,-10.675086611583865,0.0
543,orig_percent_multi_family_units,~~,orig_median_gross_rent,-1509.395838789844,105.42304982313874,-14.31751254893539,0.0
544,orig_percent_multi_family_units,~~,orig_percent_households_with_people_under_18,-68.49091596687803,4.343294037368403,-15.769348190011293,0.0
545,orig_percent_multi_family_units,~~,orig_percent_of_households_in_same_house_year_ago,-44.61200162572763,2.6810025865055715,-16.640044232056646,0.0
546,orig_percent_multi_family_units,~~,orig_percent_bachelor_degree_or_higher,16.812196415112044,6.082369497189614,2.7640866643957476,0.005708237613725187
547,orig_percent_multi_family_units,~~,orig_percent_car_commuters,-330.86189461125247,3.544402304649522,-93.34772584284148,0.0
548,orig_percent_multi_family_units,~~,orig_percent_public_transport_commuters,235.56080195823031,3.9153168974740185,60.16391728346257,0.0
549,orig_percent_multi_family_units,~~,orig_percent_car_trips_under_45_min,117.78723710003104,8.877445370931467,13.268145528183513,0.0
550,orig_percent_multi_family_units,~~,orig_square_meter_greenspace_coverage,-1698922.7032854117,98696.49611691709,-17.213607069422675,0.0
551,orig_percent_multi_family_units,~~,orig_feet_distance_from_park,-7146.945942740536,267.8974573235916,-26.677916297308336,0.0
552,orig_percent_occupied_housing_units,~~,orig_median_gross_rent,-51.59160997653977,29.123685113537572,-1.7714657254193653,0.0764832873882626
553,orig_percent_occupied_housing_units,~~,orig_median_home_value,-52176.06982792137,16817.113799620685,-3.10255793292534,0.001918559923788754
554,orig_percent_occupied_housing_units,~~,orig_percent_households_with_people_under_18,-1.581307915676559,1.0172804656340149,-1.5544463587919801,0.12007798243357093
555,orig_percent_occupied_housing_units,~~,orig_percent_of_households_in_same_house_year_ago,5.00867995738904,0.635838446507993,7.877283899532488,3.3306690738754696e-15
556,orig_percent_occupied_housing_units,~~,orig_percent_bachelor_degree_or_higher,-1.8771440515497486,1.5980038103976086,-1.174680585449612,0.24012252947852586
557,orig_percent_occupied_housing_units,~~,orig_percent_car_commuters,15.289803685055563,0.8734368366812069,17.505334150016665,0.0
558,orig_percent_occupied_housing_units,~~,orig_percent_public_transport_trips_under_45_min,-2.3655742159514355,0.4529403818455414,-5.22270548346229,1.7632771776021627e-07
559,orig_percent_occupied_housing_units,~~,orig_percent_car_trips_under_45_min,-12.564358011503948,2.156376207581207,-5.82660760553998,5.656539903142743e-09
560,orig_percent_occupied_housing_units,~~,orig_feet_distance_from_park,474.88593027722794,69.13760481156565,6.868706712816005,6.4785954378976385e-12
561,orig_median_gross_rent,~~,orig_median_home_value,11587243.530302733,829286.6237668641,13.972543627521762,0.0
562,orig_median_gross_rent,~~,orig_percent_households_with_people_under_18,-436.7931374595614,66.62737638876071,-6.555760726805941,5.5358828632279256e-11
563,orig_median_gross_rent,~~,orig_percent_of_households_in_same_house_year_ago,-211.41901124939255,32.35457325774114,-6.5344398012977045,6.384803796777305e-11
564,orig_median_gross_rent,~~,orig_percent_bachelor_degree_or_higher,1849.999366679251,66.30933867759315,27.8995297430762,0.0
565,orig_median_gross_rent,~~,orig_percent_car_commuters,785.6002592099517,78.68147745127148,9.984564152299692,0.0
566,orig_median_gross_rent,~~,orig_percent_public_transport_commuters,-884.6257531827974,72.81534274800971,-12.14889224986811,0.0
567,orig_median_gross_rent,~~,orig_percent_car_trips_under_45_min,-725.0926617426803,97.06771517159127,-7.469967336316629,8.01581023779363e-14
568,orig_median_gross_rent,~~,orig_square_meter_greenspace_coverage,5474192.464348858,1128710.6238200944,4.849952103597274,1.2349129026034689e-06
569,orig_median_gross_rent,~~,orig_feet_distance_from_park,21552.25983279513,3190.991163372621,6.754095743096988,1.4372947276797277e-11
570,orig_median_home_value,~~,orig_percent_households_with_people_under_18,-290046.5106253214,32849.42372835787,-8.829576829834412,0.0
571,orig_median_home_value,~~,orig_percent_of_households_in_same_house_year_ago,-43922.48629299075,19475.47673117837,-2.2552714318245703,0.024116296659850045
572,orig_median_home_value,~~,orig_percent_bachelor_degree_or_higher,779517.0411732259,48086.43340643682,16.210747729709563,0.0
573,orig_median_home_value,~~,orig_percent_car_commuters,-311012.74930749385,37966.18021390702,-8.191836722978252,2.220446049250313e-16
574,orig_median_home_value,~~,orig_percent_public_transport_commuters,-110972.9340958478,42206.22713831694,-2.6293023949326417,0.00855602410331513
575,orig_median_home_value,~~,orig_percent_public_transport_trips_under_45_min,116828.17200794307,14376.16456573617,8.126518827308692,4.440892098500626e-16
576,orig_median_home_value,~~,orig_percent_car_trips_under_45_min,332824.75483160425,65138.0687285969,5.109527520970047,3.229654461645026e-07
577,orig_percent_households_with_people_under_18,~~,orig_percent_of_households_in_same_house_year_ago,10.537388007886141,1.4536033504729622,7.249149504540092,4.1944225870338414e-13
578,orig_percent_households_with_people_under_18,~~,orig_percent_bachelor_degree_or_higher,-128.3921440803722,2.487422584784304,-51.61653868775741,0.0
579,orig_percent_households_with_people_under_18,~~,orig_percent_car_commuters,41.40257764975071,2.1347785942975137,19.394319279913688,0.0
580,orig_percent_households_with_people_under_18,~~,orig_percent_public_transport_trips_under_45_min,0.2978348851712715,0.8684312928234796,0.34295733886165647,0.7316305545006927
581,orig_percent_households_with_people_under_18,~~,orig_feet_distance_from_park,767.321767603548,140.0528448592998,5.478801722124325,4.2821588719377246e-08
582,orig_percent_of_households_in_same_house_year_ago,~~,orig_percent_bachelor_degree_or_higher,-16.205763588596003,1.8346164221751302,-8.833325262276643,0.0
583,orig_percent_of_households_in_same_house_year_ago,~~,orig_percent_car_commuters,34.97545062642463,1.8293135109750813,19.11944038928707,0.0
584,orig_percent_of_households_in_same_house_year_ago,~~,orig_percent_public_transport_commuters,-22.45966525060846,1.714077296210335,-13.103064430204856,0.0
585,orig_percent_of_households_in_same_house_year_ago,~~,orig_percent_public_transport_trips_under_45_min,2.0548895404219882,0.5359912230806937,3.8338119206642123,0.00012617262808811702
586,orig_percent_of_households_in_same_house_year_ago,~~,orig_feet_distance_from_park,636.6082771957763,82.2660985391289,7.738403649870102,9.992007221626409e-15
587,orig_percent_bachelor_degree_or_higher,~~,orig_percent_car_commuters,-23.190188343383,4.258906025509478,-5.445104495021909,5.1774982079422216e-08
588,orig_percent_bachelor_degree_or_higher,~~,orig_percent_public_transport_commuters,-14.879369422684103,3.7960840822863813,-3.9196627630329886,8.867295985126589e-05
589,orig_percent_bachelor_degree_or_higher,~~,orig_percent_public_transport_trips_under_45_min,3.169763933860765,1.3101623125603956,2.4193673588914395,0.015547529806856808
590,orig_percent_car_commuters,~~,orig_percent_public_transport_commuters,-238.40147456187432,1.2048045934712404,-197.8756354794453,0.0
591,orig_percent_car_commuters,~~,orig_percent_car_trips_under_45_min,-138.8657646410899,5.92935591293589,-23.42004202144577,0.0
592,orig_percent_car_commuters,~~,orig_square_meter_greenspace_coverage,1529727.071358433,70321.6083865238,21.753300393106265,0.0
593,orig_percent_car_commuters,~~,orig_feet_distance_from_park,4953.114911690418,197.92971392425605,25.02461511961694,0.0
594,orig_percent_public_transport_commuters,~~,orig_percent_public_transport_trips_under_45_min,-18.654615336674773,0.7119804693255515,-26.20102115205465,0.0
595,orig_percent_public_transport_commuters,~~,orig_percent_car_trips_under_45_min,101.77961851869726,5.524861282477578,18.422112939102902,0.0
596,orig_percent_public_transport_commuters,~~,orig_square_meter_greenspace_coverage,-1213502.6400710116,64007.53806234761,-18.958745747867685,0.0
597,orig_percent_public_transport_commuters,~~,orig_feet_distance_from_park,-3221.242681701305,181.1476716748856,-17.782412834334444,0.0
598,orig_percent_public_transport_trips_under_45_min,~~,orig_percent_car_trips_under_45_min,16.06270576287172,1.7700054998638277,9.074946808977938,0.0
599,orig_percent_car_trips_under_45_min,~~,orig_square_meter_greenspace_coverage,-992957.5098092871,101433.7268912322,-9.78922435605703,0.0
600,orig_percent_car_trips_under_45_min,~~,orig_feet_distance_from_park,-2322.286564560408,283.32620481844447,-8.196511741822546,2.220446049250313e-16
601,orig_square_meter_greenspace_coverage,~~,orig_feet_distance_from_park,12537776.267187938,3381870.4129177365,3.7073497018979116,0.00020943964050790242
602,d_2010_2018_pop_density,~~,d_2010_2018_resid_unit_density,39.74342527233203,24730.743817952283,0.001607045286016909,0.998717763929692
603,d_2010_2018_pop_density,~~,d_2010_2018_pop_density,4011660.064125007,142368.4883893423,28.17800560721076,0.0
604,d_2010_2018_resid_units,~~,d_2010_2018_resid_units,22549.38327407717,820.4206965729993,27.485146789042204,0.0
605,d_2010_2018_median_gross_rent,~~,d_2010_2018_median_gross_rent,30164.74223648303,1223.5367774062818,24.653727451027528,0.0
606,d_2010_2018_percent_car_commuters,~~,d_2010_2018_percent_car_commuters,186.6583569684589,62.679689489995596,2.977971947328309,0.0029016254086606796
607,d_2010_2018_percent_multi_family_units,~~,d_2010_2018_percent_multi_family_units,43.10232154875374,1.5492676496696367,27.82109441058618,0.0
608,d_2010_2018_percent_public_transport_commuters,~~,d_2010_2018_percent_public_transport_commuters,704.1407069414171,559.0261996226482,1.2595844477713607,0.20781930876826893
609,d_2010_2018_percent_bachelor_degree_or_higher,~~,d_2010_2018_percent_bachelor_degree_or_higher,59.536003657519615,8.679253468031296,6.859576561141408,6.906475391588174e-12
610,d_2010_2018_percent_occupied_housing_units,~~,d_2010_2018_percent_occupied_housing_units,81.36949494877497,30.86283180493489,2.6364882996822594,0.008376908904392133
611,d_2010_2018_percent_of_households_in_same_house_year_ago,~~,d_2010_2018_percent_of_households_in_same_house_year_ago,17.46674183106069,0.9516000043204348,18.355130045964895,0.0
612,d_2010_2018_feet_distance_from_park,~~,d_2010_2018_feet_distance_from_park,8337.100748419813,305.6929782436601,27.272791139397693,0.0
613,d_2010_2018_percent_public_transport_trips_under_45_min,~~,d_2010_2018_percent_public_transport_trips_under_45_min,138.54580693282637,160.63008600398487,0.8625146781617766,0.3884043594031481
614,d_2010_2018_percent_non_hispanic_asian_alone,~~,d_2010_2018_percent_non_hispanic_asian_alone,1810.6574672883403,1448.2179447706435,1.2502658690471453,0.2112024419949745
615,d_2010_2018_resid_unit_density,~~,d_2010_2018_resid_unit_density,242103.31141742098,8591.925020962686,28.17800560721075,0.0
616,d_2010_2018_square_meter_greenspace_coverage,~~,d_2010_2018_square_meter_greenspace_coverage,3092934975.3020377,110534629.46906553,27.981592648009315,0.0
617,d_2010_2018_percent_hispanic_any_race,~~,d_2010_2018_percent_hispanic_any_race,855.8524169480786,675.5419010077552,1.266912408647546,0.20518661130200067
618,d_2010_2018_per_capita_income,~~,d_2010_2018_per_capita_income,25967136.164851844,10810503.688771276,2.402028333964083,0.016304445502160814
619,d_2010_2018_percent_non_hispanic_black_alone,~~,d_2010_2018_percent_non_hispanic_black_alone,99.25198065102468,11.881157493903086,8.353729904005423,0.0
620,d_2010_2018_percent_households_with_people_under_18,~~,d_2010_2018_percent_households_with_people_under_18,1021.656205864169,539.2879662878161,1.8944539276422734,0.058164784205257725
621,d_2010_2018_median_home_value,~~,d_2010_2018_median_home_value,10752620459.381954,717217129.4746872,14.992141176630176,0.0
622,d_2010_2018_percent_non_hispanic_or_latino_white_alone,~~,d_2010_2018_percent_non_hispanic_or_latino_white_alone,971.218130503271,417.2505355441584,2.3276617949373075,0.019930069337757983
623,d_2010_2018_percent_car_trips_under_45_min,~~,d_2010_2018_percent_car_trips_under_45_min,3438.390209081586,2151.08595642513,1.5984438924029858,0.10994422286994832
